order_id,product_id,product_quantity
1,42,4
1,22,1
1,43,2
2,50,1
2,18,2
2,20,5
2,33,1
2,2,3
2,29,4
2,13,4
2,48,4
2,26,2
2,35,2
2,19,5
2,37,4
2,10,5
2,48,4
2,43,2
2,36,1
2,20,1
2,21,4
2,42,5
3,12,2
3,42,2
3,15,3
3,49,2
3,34,2
3,42,5
3,24,5
3,15,2
4,17,2
4,41,1
4,50,5
4,17,3
4,2,1
4,37,4
4,37,2
4,24,5
4,38,3
4,43,1
4,24,2
4,20,3
4,36,4
5,44,1
5,35,2
5,21,4
5,11,4
5,31,2
5,27,3
5,32,2
5,30,2
5,19,4
5,4,1
5,45,5
5,28,5
5,38,3
5,45,1
5,37,3
5,35,5
5,19,5
5,21,4
5,31,5
5,37,5
6,26,4
6,28,5
6,28,2
6,26,2
6,42,2
6,46,1
6,4,2
6,10,2
6,26,3
6,17,4
6,20,4
6,41,5
6,20,5
6,45,2
6,24,2
7,27,4
7,10,5
7,47,4
7,24,2
7,6,5
7,16,2
7,33,1
7,4,4
7,14,3
7,32,5
8,20,5
8,28,5
8,27,3
8,16,1
8,19,1
8,36,5
8,46,1
8,26,2
8,23,5
8,30,1
8,43,5
8,9,4
8,16,5
8,32,5
9,6,5
9,27,5
9,14,3
9,22,3
9,3,1
9,18,2
9,23,2
9,9,5
9,35,4
9,31,5
9,47,3
9,8,1
9,1,5
9,35,4
9,31,3
9,12,4
9,34,1
9,27,2
10,34,1
10,40,5
10,38,4
10,48,1
10,11,5
10,11,3
10,2,3
10,24,5
10,41,3
10,5,1
10,40,4
10,4,5
10,37,2
10,50,1
10,29,4
10,27,5
10,20,3
10,31,2
10,25,1
10,17,4
11,38,5
11,35,4
11,10,2
11,10,4
11,42,4
11,25,1
11,22,3
11,15,2
12,39,3
13,15,3
13,4,3
13,9,1
13,45,4
13,8,4
13,48,1
13,29,3
13,20,2
13,39,2
13,9,3
13,40,2
13,44,4
13,17,3
13,6,4
13,4,4
13,9,1
14,29,1
14,19,5
14,9,2
14,33,3
14,4,4
14,26,4
14,5,5
14,29,2
15,28,2
15,4,2
15,18,4
15,25,1
15,3,3
15,40,4
15,5,1
15,9,5
15,49,4
15,43,1
15,49,2
15,21,4
15,45,1
15,25,3
15,16,1
16,6,4
16,39,4
16,2,2
16,6,2
16,35,2
16,36,3
16,22,3
16,20,1
16,19,4
16,32,5
16,23,1
16,39,4
16,17,2
16,13,2
17,46,2
17,21,1
17,48,5
17,24,3
17,48,2
17,49,4
17,12,3
17,30,4
17,38,5
17,43,3
17,27,3
17,17,3
17,1,3
17,49,4
18,6,2
18,46,2
18,38,1
18,32,1
18,19,4
18,9,2
18,39,1
18,30,4
18,45,2
18,37,5
18,39,4
18,24,4
18,39,5
18,39,3
18,12,5
18,1,2
18,32,5
18,43,5
18,19,5
19,10,5
19,18,1
19,9,2
19,30,3
19,30,3
19,39,4
19,18,4
19,49,3
19,50,2
19,21,2
19,48,3
19,6,5
19,27,3
19,2,5
20,37,1
20,39,5
20,11,5
20,5,4
20,22,4
20,1,4
20,13,4
21,18,3
21,5,3
21,44,3
21,41,4
21,41,4
21,10,1
21,17,2
21,23,2
21,12,3
21,22,2
21,30,4
21,26,5
21,10,3
22,8,2
22,13,4
22,2,2
22,48,2
22,3,5
22,25,3
22,12,2
22,12,3
22,32,4
22,21,5
22,30,5
23,11,1
23,22,3
23,3,2
23,4,1
23,20,1
23,19,5
23,32,2
23,46,3
23,6,3
23,41,2
23,3,4
23,24,2
23,21,3
23,35,2
23,29,4
23,3,2
23,41,2
23,23,1
23,19,5
24,47,5
24,39,5
24,44,5
24,34,2
24,14,4
24,31,5
24,8,2
24,28,1
24,27,4
24,36,2
24,44,1
24,37,1
24,47,4
24,43,3
24,32,2
24,43,1
25,8,2
25,35,5
25,12,3
25,3,5
25,6,4
25,8,3
25,43,1
25,50,2
25,1,1
25,15,4
25,49,4
25,9,3
25,24,1
26,23,2
26,43,4
26,33,3
26,33,2
27,36,2
27,36,1
27,29,5
27,28,1
27,27,3
27,31,1
27,2,1
27,13,2
27,1,4
27,46,2
27,32,2
27,21,3
27,30,1
27,14,4
27,2,5
28,3,4
28,22,3
28,10,4
28,23,5
28,43,3
28,3,5
28,32,3
28,23,3
28,26,3
28,22,4
28,36,5
28,50,1
28,19,5
28,12,4
28,23,2
28,23,1
28,9,5
28,47,2
28,16,2
28,19,5
29,26,3
29,2,5
29,27,1
29,29,1
29,36,4
29,13,4
29,8,5
29,28,3
29,37,3
29,36,3
29,36,1
30,20,2
30,20,1
30,46,3
30,42,1
30,48,3
30,2,3
30,24,3
30,38,2
30,30,5
30,24,1
30,15,2
30,5,5
30,18,3
30,50,4
30,37,2
31,31,4
31,48,5
31,8,4
31,26,3
32,2,1
33,4,3
33,31,5
33,25,1
33,25,5
34,50,2
34,4,2
34,36,3
34,15,3
34,9,2
34,14,4
34,21,2
34,16,4
34,40,1
34,22,5
34,15,4
34,31,2
34,45,4
34,9,1
34,24,3
34,25,1
35,4,5
35,41,2
35,49,2
35,20,1
35,25,2
35,27,1
35,9,4
35,32,4
35,14,2
35,42,3
35,45,5
35,34,3
36,39,1
36,25,1
36,26,5
36,30,1
36,48,1
37,1,4
37,9,3
37,13,3
37,23,5
37,42,1
37,10,1
37,2,2
37,39,1
37,28,3
37,32,1
37,34,3
37,32,1
37,47,2
37,38,2
37,33,1
37,7,1
37,36,2
37,39,3
37,20,3
37,43,1
38,17,2
38,23,5
38,19,5
38,10,5
38,31,4
38,13,2
38,14,5
38,29,2
38,28,2
38,48,3
38,5,4
38,3,3
38,21,3
38,2,2
38,35,4
38,28,1
39,48,5
39,37,4
39,47,5
39,45,5
39,19,4
40,17,3
40,38,1
40,14,2
40,13,2
40,47,4
40,23,5
40,2,3
41,3,4
42,48,3
42,23,1
42,18,2
42,37,1
42,3,4
42,10,3
42,17,2
42,24,1
43,33,3
43,46,4
43,35,3
43,2,4
43,7,4
43,43,5
43,27,2
43,41,2
43,34,1
43,38,4
43,24,5
43,4,3
43,5,2
43,23,5
43,10,2
43,37,2
43,45,4
43,37,3
44,17,3
44,25,3
44,49,2
44,44,2
44,43,5
44,3,5
44,18,4
44,34,3
44,8,5
44,39,5
44,5,3
44,9,1
44,5,4
44,21,4
44,6,3
44,23,1
45,7,5
45,20,1
46,21,5
46,35,2
46,26,5
46,9,4
46,12,2
46,3,4
46,36,3
46,11,5
46,29,3
46,22,1
46,22,2
46,38,4
46,49,1
47,13,1
48,16,5
48,45,3
48,31,1
48,45,1
48,33,4
48,20,2
48,49,2
48,6,4
48,16,2
48,39,3
48,11,4
49,35,5
49,48,2
49,33,4
49,32,3
49,46,2
49,50,1
49,35,4
49,46,1
49,14,5
49,25,5
49,40,5
50,26,5
50,32,5
50,11,4
50,36,5
50,16,3
50,17,4
50,48,1
50,24,1
50,49,2
50,1,4
51,5,5
51,3,4
51,26,3
51,6,1
52,39,2
52,50,1
52,39,3
52,22,1
52,8,3
52,38,1
52,21,4
53,5,2
53,50,1
53,29,1
53,11,1
53,19,4
53,34,4
53,48,5
53,16,3
53,35,1
53,44,1
53,11,5
53,1,5
53,19,1
53,44,4
53,13,2
53,18,2
53,46,2
53,50,3
53,25,1
54,18,5
54,48,4
54,43,5
54,40,1
54,10,3
54,11,2
54,4,4
54,7,3
54,15,5
54,45,5
54,16,1
54,20,4
54,15,1
54,10,4
54,47,2
54,5,4
54,7,3
55,1,2
55,10,5
55,3,2
55,43,4
55,13,5
55,14,2
55,18,3
55,26,5
55,36,2
56,25,2
56,25,2
56,12,3
56,47,3
56,28,3
56,1,3
57,34,3
57,35,2
57,33,1
57,3,4
57,6,1
57,37,1
58,40,2
58,49,1
58,14,2
58,16,4
58,28,3
58,28,4
58,21,4
58,24,4
59,30,5
60,21,2
60,19,5
60,25,4
60,4,1
60,37,4
60,43,1
60,14,5
60,7,4
60,15,3
61,36,3
61,39,5
61,19,5
61,22,2
61,28,1
61,24,5
62,29,3
62,18,2
62,38,4
62,30,5
62,47,5
62,49,5
62,50,1
62,32,3
62,32,1
63,16,4
63,29,1
63,29,3
63,21,3
63,22,4
63,18,1
63,37,1
63,27,5
64,1,4
64,17,5
64,43,1
64,8,1
64,14,2
64,9,1
64,13,3
64,50,4
64,27,1
65,14,3
65,35,3
65,46,4
65,1,5
65,18,1
65,6,4
65,39,1
65,31,3
65,9,1
65,42,3
65,43,1
65,24,2
65,12,3
65,2,5
65,21,5
65,41,5
65,36,3
65,20,3
65,49,5
65,22,1
66,24,5
66,5,1
66,3,3
66,7,4
66,13,1
66,11,4
66,35,4
66,37,1
66,18,3
66,33,4
66,34,5
66,38,2
66,31,4
66,44,1
66,11,4
66,32,4
66,16,3
66,19,1
67,4,1
67,25,4
67,6,1
67,13,1
67,31,5
67,32,1
67,6,2
67,8,1
67,14,1
67,33,4
67,35,4
67,48,2
67,24,2
67,25,4
67,40,3
68,10,1
68,21,3
68,22,4
68,5,4
68,25,1
68,20,2
68,31,5
69,4,4
69,23,5
69,11,5
69,36,5
69,37,3
69,39,3
70,24,1
70,39,3
70,39,2
70,22,4
71,46,2
71,39,5
71,20,4
71,34,1
71,19,4
71,31,5
71,6,4
71,16,5
71,29,4
71,44,5
71,36,3
71,25,5
71,1,4
71,13,2
72,19,1
72,6,1
72,34,3
72,50,3
72,16,4
72,40,1
72,6,5
72,1,3
72,10,1
72,21,2
72,8,4
72,5,1
72,43,1
72,48,2
72,5,2
73,9,2
73,32,3
73,4,4
73,30,3
73,5,3
73,46,2
73,42,3
73,32,2
73,22,3
73,23,2
73,31,3
73,8,5
73,34,1
73,4,2
73,3,3
73,23,4
74,17,5
74,27,3
74,19,4
74,19,2
74,16,2
74,14,1
74,27,4
74,23,1
74,37,4
74,25,1
74,38,3
74,40,5
74,43,5
74,46,1
74,37,1
75,13,1
75,5,1
75,23,3
75,11,2
75,25,4
75,11,2
75,12,4
75,46,5
75,3,5
75,34,2
75,48,5
75,41,2
75,14,3
76,19,3
77,6,3
77,22,3
77,20,3
77,26,2
77,5,4
77,24,1
77,28,4
77,50,3
77,36,1
77,47,5
77,38,4
77,18,3
78,22,1
78,46,5
78,34,3
78,4,5
78,20,3
78,28,2
79,7,5
79,20,3
79,48,4
79,20,5
79,16,5
79,18,3
79,31,2
79,50,2
79,26,4
79,36,3
79,49,1
79,17,2
79,44,4
79,26,3
79,6,3
79,20,1
79,20,2
79,22,5
80,37,1
80,26,4
80,37,1
81,26,3
81,49,4
81,25,2
81,45,4
81,21,5
81,39,2
81,23,3
81,8,3
81,27,2
81,2,3
81,10,1
81,23,4
81,20,2
81,5,5
81,2,3
82,7,3
82,12,4
82,10,5
82,1,4
82,19,5
82,38,2
82,16,2
82,24,3
82,37,2
82,40,3
82,34,2
82,27,2
82,18,5
82,5,3
82,10,1
82,41,5
83,9,3
83,18,1
83,21,5
83,23,4
83,48,3
83,45,1
83,24,4
84,26,4
84,25,4
84,3,4
84,3,1
84,34,2
85,45,3
85,31,2
85,15,3
85,2,1
85,32,5
85,13,5
85,33,3
85,4,1
85,4,5
85,37,1
85,35,2
85,35,2
85,50,3
85,42,3
85,13,4
85,41,1
85,11,2
86,33,3
86,42,2
86,8,2
86,43,5
86,23,4
86,33,5
86,25,2
86,27,2
86,16,3
86,4,5
87,35,1
87,19,2
87,46,5
87,3,3
87,38,2
87,38,5
87,37,1
87,44,3
87,47,4
87,38,4
87,49,2
87,27,5
87,35,3
87,1,1
87,6,5
87,28,5
87,50,2
87,18,1
87,8,5
87,39,2
88,37,5
89,8,1
89,6,3
89,28,4
89,49,5
89,36,4
89,32,4
89,49,5
89,20,5
90,18,5
90,35,1
90,40,3
91,44,3
91,1,4
91,8,1
91,12,2
91,11,1
91,30,3
91,5,5
91,43,2
91,50,4
91,40,5
91,15,2
91,26,2
92,13,5
93,6,5
93,16,1
93,29,2
93,6,4
93,38,4
93,43,5
93,39,4
93,13,4
93,8,3
93,5,4
93,8,5
93,8,1
93,29,4
93,1,4
93,40,4
93,17,1
94,32,1
94,18,5
94,43,5
94,11,3
94,25,4
94,26,3
94,2,4
94,4,3
94,45,3
94,27,2
94,12,2
94,28,3
94,37,3
94,47,5
94,21,5
94,27,1
94,43,4
94,39,4
94,15,4
94,24,1
95,45,3
95,45,5
95,42,4
95,37,3
95,14,3
96,6,3
97,43,1
97,36,1
97,17,3
97,9,2
97,10,4
97,41,2
97,44,4
97,45,1
97,37,2
97,46,2
98,21,4
98,32,4
98,8,5
98,7,2
98,22,3
98,14,4
98,26,1
99,29,1
99,8,4
99,15,4
99,4,2
99,46,4
99,26,2
99,50,4
99,40,4
99,41,2
99,42,1
100,34,1
100,46,5
101,11,4
101,26,5
101,27,2
101,50,1
101,42,5
101,15,1
101,31,3
102,47,3
103,43,3
103,2,2
103,7,3
103,15,5
103,6,1
103,12,5
103,43,4
103,18,3
103,14,3
103,45,4
103,8,4
103,35,2
103,15,4
103,27,4
103,41,5
104,24,1
104,13,5
104,38,1
104,40,4
104,30,1
104,30,2
104,18,2
104,45,1
104,12,1
104,40,4
104,48,1
104,25,1
104,39,2
104,37,1
105,18,1
105,26,3
105,40,3
105,44,2
105,20,5
105,12,2
105,14,1
105,34,5
105,43,2
105,44,1
105,30,2
105,5,3
106,15,1
106,38,3
106,30,4
107,2,3
107,21,5
107,43,1
107,37,3
107,44,5
108,13,4
108,38,5
108,16,2
108,8,2
108,50,1
108,4,4
108,40,4
108,28,5
108,47,3
108,48,1
108,34,5
108,1,3
108,2,4
108,8,3
108,3,2
108,30,1
108,44,4
108,23,3
108,16,2
109,46,2
109,40,1
109,18,3
109,47,4
109,19,2
109,27,2
109,37,5
109,6,3
110,34,3
110,15,2
110,28,3
110,24,5
110,12,1
110,25,1
110,5,2
110,14,2
110,25,4
110,29,1
111,50,5
111,12,3
111,17,1
111,15,1
112,3,1
112,11,5
112,6,5
112,49,5
112,38,1
112,16,3
113,5,5
114,49,5
114,23,5
114,33,5
114,41,3
114,11,4
114,12,2
114,32,2
114,26,1
114,7,3
114,2,2
114,19,1
114,44,4
114,3,5
114,15,4
114,15,4
114,6,4
114,11,2
114,29,5
115,25,4
115,4,5
115,12,3
115,1,5
115,29,4
115,29,2
116,3,1
116,21,2
116,7,3
116,4,2
117,16,3
117,11,4
117,37,2
117,14,1
117,32,3
117,7,4
117,47,2
117,10,1
117,39,3
117,13,5
117,23,2
117,33,3
117,8,1
117,40,5
117,26,3
117,16,4
117,22,4
117,8,4
117,16,5
118,38,5
118,31,3
118,28,2
118,32,2
118,5,4
118,40,5
118,23,4
118,28,3
118,42,4
118,24,4
118,38,4
118,17,4
118,38,1
118,30,5
118,32,2
118,3,1
118,22,4
118,47,5
119,4,4
119,37,3
119,29,4
119,11,3
119,6,4
119,41,2
119,34,5
119,45,3
120,1,3
120,47,5
120,43,5
120,22,4
120,44,3
120,27,1
120,26,3
120,31,2
120,17,3
120,20,4
121,38,3
121,31,2
121,7,4
121,40,1
121,44,2
121,30,2
121,31,2
121,21,5
121,40,3
121,2,2
121,3,3
121,34,3
121,26,2
121,11,1
121,9,4
121,20,1
121,38,2
121,32,2
121,50,5
122,23,1
122,12,2
122,30,4
122,40,5
122,9,4
122,25,2
122,17,4
122,17,5
122,35,5
122,16,5
122,37,2
122,11,1
122,12,4
122,25,1
122,1,4
122,25,5
122,47,3
123,5,4
123,12,2
123,22,1
123,46,1
123,7,2
123,48,1
123,15,2
123,24,2
124,40,3
124,15,3
124,7,2
124,48,1
124,21,3
124,4,1
125,36,3
125,2,2
125,42,3
125,36,4
125,10,2
125,40,3
125,41,3
125,4,4
125,21,5
125,37,1
125,13,5
125,17,2
125,8,5
125,23,2
125,44,1
125,34,5
125,23,2
125,30,3
125,42,5
126,3,4
126,12,2
126,23,4
126,19,5
126,10,1
126,46,5
126,49,4
127,47,1
127,22,2
127,10,2
127,46,4
127,32,3
127,5,5
127,15,4
127,16,4
127,49,3
127,20,4
128,12,4
129,33,5
130,38,4
130,31,5
130,12,4
130,25,1
130,3,4
130,47,4
130,11,3
130,5,3
130,29,3
130,1,5
130,40,3
130,33,4
130,37,5
130,12,1
130,19,1
130,12,1
131,45,3
131,4,4
131,50,5
131,7,2
131,19,3
131,41,2
131,10,1
131,27,3
131,21,4
131,11,3
131,37,5
131,29,4
131,27,2
131,22,5
131,13,5
131,12,4
132,41,3
132,11,1
132,15,4
132,27,3
132,40,1
132,3,2
132,4,3
132,26,2
132,15,2
132,5,4
132,38,4
132,13,5
132,30,3
132,34,4
132,17,2
132,46,4
132,2,3
133,44,3
133,20,4
133,17,3
133,50,5
133,42,3
133,28,3
133,26,4
133,19,3
133,18,2
133,43,5
133,8,1
133,3,1
133,24,4
133,44,4
133,43,3
133,3,4
133,12,3
134,43,2
134,17,4
134,5,2
134,26,3
134,14,5
134,42,5
134,42,4
135,44,4
135,30,3
135,23,1
135,30,2
135,27,3
135,3,1
135,40,4
135,18,5
135,2,5
135,23,5
135,21,1
135,23,1
135,8,3
136,33,5
137,17,3
137,16,2
137,33,2
137,2,4
137,21,5
137,14,2
137,10,1
137,13,1
137,50,1
137,9,1
137,28,2
137,41,4
137,6,3
137,19,3
137,40,2
137,15,3
138,2,3
138,15,5
138,17,4
138,24,2
138,29,2
138,43,5
138,15,1
138,41,2
138,33,3
138,26,2
139,2,2
139,19,5
139,2,2
139,30,2
139,34,4
139,2,4
139,14,4
139,27,4
139,39,5
139,10,2
139,24,1
139,48,3
140,13,3
140,7,2
140,31,1
141,35,2
141,21,1
141,14,4
141,30,4
141,50,5
141,19,5
141,1,1
141,44,5
141,46,4
141,29,2
141,18,4
141,35,4
141,19,5
141,48,3
141,36,4
142,15,4
142,10,3
142,1,3
142,9,2
142,12,1
142,2,5
142,31,4
142,9,1
142,50,3
142,15,1
142,9,1
142,19,3
142,40,3
142,34,1
142,41,2
143,2,3
143,37,5
143,13,2
143,9,1
143,26,2
143,36,2
143,31,1
143,2,4
143,24,1
143,47,1
143,47,5
143,46,5
143,1,4
143,27,3
143,8,2
143,46,3
143,5,4
143,28,3
143,1,2
143,42,2
144,29,2
144,34,1
144,50,1
144,38,3
144,1,1
144,19,2
144,45,2
144,31,2
144,14,2
144,28,5
144,12,4
144,31,5
144,13,4
145,6,5
145,17,2
145,16,1
145,39,3
145,13,2
145,16,2
145,32,1
145,10,3
145,43,4
145,13,4
145,43,5
145,5,1
145,46,4
145,34,2
145,32,5
145,26,2
145,38,1
146,39,2
146,30,2
146,49,2
146,24,3
146,35,2
146,1,4
146,28,2
146,31,3
146,29,1
146,33,3
146,38,1
147,48,2
147,49,5
147,35,1
147,35,4
147,22,3
147,19,3
147,27,5
147,8,2
147,12,4
147,26,5
147,49,3
147,14,1
147,11,4
147,7,4
147,39,1
148,4,5
148,44,2
148,24,1
148,31,2
148,8,2
149,31,2
149,42,2
149,32,4
149,2,4
149,49,5
149,43,1
149,32,2
149,42,2
149,43,2
149,3,2
149,4,1
150,4,5
150,15,4
150,34,4
150,26,5
150,9,4
150,16,2
150,48,5
150,10,4
150,14,5
150,30,3
150,49,5
150,24,5
150,11,2
150,37,4
150,48,2
150,26,3
150,19,3
151,11,3
151,50,1
151,27,2
151,40,3
151,34,4
151,31,2
151,29,5
152,17,2
152,15,4
153,13,5
153,46,5
153,23,3
153,33,4
153,40,3
154,27,2
154,7,3
154,47,5
154,2,4
154,38,1
154,34,2
154,40,4
154,28,2
154,40,3
154,20,2
154,40,3
154,22,5
154,42,4
154,3,2
155,42,4
155,5,3
155,18,5
155,6,5
155,27,5
156,26,3
156,11,5
156,6,4
156,47,1
156,3,3
156,33,3
156,3,4
156,48,1
156,5,1
156,42,3
156,30,2
156,8,4
156,8,5
156,41,3
156,36,4
157,9,4
157,36,1
158,19,4
158,12,5
158,21,4
158,16,5
158,33,4
158,34,4
158,43,2
158,42,4
158,27,3
158,30,1
158,34,4
158,49,3
158,21,2
158,37,3
158,36,4
159,37,4
159,32,3
159,46,1
159,18,4
159,8,3
159,24,4
159,1,4
159,15,5
159,47,3
159,48,3
159,43,4
159,32,5
159,32,3
159,24,4
160,17,2
160,6,1
160,14,3
160,26,2
160,43,2
160,24,4
160,14,3
160,16,2
160,39,5
160,45,4
160,31,5
160,30,2
160,10,5
160,22,1
160,33,5
160,21,4
160,33,2
160,25,4
160,49,1
160,4,1
161,13,5
161,26,1
161,30,5
161,27,5
161,19,3
161,8,5
161,20,1
161,24,3
161,24,4
161,30,1
161,34,1
161,20,4
161,26,5
161,41,5
161,2,5
161,35,5
161,22,5
161,16,3
161,25,4
161,38,5
162,20,4
162,47,2
162,8,2
163,7,3
163,9,1
163,9,5
163,45,2
163,16,2
163,1,4
163,12,2
163,36,3
163,29,3
163,15,3
163,49,3
163,11,4
163,40,1
163,25,2
163,8,3
164,11,2
164,38,4
164,33,2
165,45,5
165,46,3
165,47,3
165,13,2
165,22,4
165,45,4
165,18,5
165,5,3
166,23,2
166,35,4
166,37,1
166,1,2
166,10,1
166,10,1
166,32,3
166,5,4
167,21,1
167,31,4
167,2,2
167,27,3
167,20,4
167,4,2
167,11,2
167,30,2
167,5,3
167,7,1
167,42,1
167,36,2
167,25,3
167,3,4
167,41,3
167,38,2
168,31,3
168,47,5
169,22,5
169,8,3
169,26,1
169,26,2
169,21,3
169,30,2
169,8,4
169,32,4
169,10,4
169,49,2
169,22,3
169,14,3
169,42,4
169,47,5
169,40,3
169,34,3
169,30,4
169,30,3
170,27,5
170,37,3
170,19,2
170,21,2
170,22,5
170,50,2
170,7,5
170,15,5
170,39,5
170,31,3
170,28,4
170,31,3
170,23,3
170,50,4
170,32,2
170,50,3
170,39,3
170,41,1
170,32,1
171,25,2
171,1,4
171,38,2
171,40,4
171,12,1
171,19,5
171,43,3
171,47,3
171,13,5
171,28,2
171,13,4
172,9,3
172,40,1
172,34,4
172,18,1
172,9,2
173,12,2
173,49,3
173,45,5
173,48,5
173,18,1
173,32,4
173,14,1
173,40,4
173,35,4
173,20,3
173,10,3
173,16,2
173,41,1
173,39,1
173,3,2
173,40,2
173,21,5
174,38,4
174,45,3
174,29,5
174,16,5
174,46,4
174,29,2
174,48,3
174,38,5
174,1,2
174,47,5
174,40,5
174,25,1
174,49,2
174,46,1
175,1,3
175,24,5
175,17,2
175,15,2
176,19,1
176,33,4
177,24,4
177,6,3
177,20,3
177,17,5
178,32,5
178,36,4
178,36,2
178,5,5
178,12,5
178,38,3
178,50,4
178,35,1
178,48,2
178,19,4
178,18,3
178,34,1
178,21,3
178,46,4
179,8,1
179,2,3
179,40,2
179,32,3
179,2,5
180,33,5
180,30,4
180,27,3
180,20,2
180,26,5
180,39,1
180,21,4
180,24,3
181,30,1
181,26,4
181,38,4
181,19,1
181,12,5
181,11,3
181,20,3
181,33,4
181,19,2
181,25,4
182,32,5
182,42,2
182,39,1
182,7,5
182,2,1
182,32,2
182,5,4
182,43,1
182,18,5
182,44,5
182,38,1
182,29,4
182,17,4
182,28,3
182,37,2
182,33,4
182,2,4
182,46,2
183,22,4
183,17,5
183,41,4
184,45,1
184,19,4
184,30,4
184,3,1
184,39,4
184,26,4
184,37,5
184,6,1
184,45,2
184,27,4
184,33,5
185,28,3
185,31,5
185,32,4
185,15,5
185,7,5
185,41,5
185,25,2
185,39,3
185,47,4
185,8,5
185,31,1
186,14,5
187,48,5
187,16,4
187,17,3
187,43,4
187,31,4
187,39,4
187,18,1
187,38,2
187,23,2
187,27,1
187,19,3
187,15,3
187,26,1
187,46,4
187,11,5
187,47,5
187,6,4
187,1,2
187,18,2
187,20,2
188,37,2
188,29,2
188,18,2
188,4,4
188,23,2
188,26,4
188,33,4
188,39,5
188,18,3
188,10,5
188,49,3
188,15,2
188,10,2
188,49,3
189,16,2
190,39,2
190,50,2
190,19,1
190,12,2
190,37,5
190,33,4
190,49,4
190,30,1
190,20,1
190,50,3
190,19,2
190,29,4
190,37,2
190,45,5
190,47,4
191,16,5
191,49,2
191,46,1
191,12,5
191,36,4
191,41,1
191,20,3
191,42,2
191,48,3
191,44,2
191,9,1
191,49,4
191,11,2
191,13,5
191,29,5
191,44,1
191,33,2
191,41,5
192,30,2
192,29,1
192,14,3
192,31,3
192,42,1
192,2,1
192,6,4
192,7,1
193,6,4
193,11,4
193,27,2
193,40,3
193,26,3
193,25,5
193,43,4
193,20,5
193,30,5
193,14,1
193,5,1
193,7,5
193,3,4
193,38,3
193,35,3
193,10,4
194,29,2
194,40,3
194,26,2
194,5,1
194,35,3
194,46,1
194,8,3
194,16,2
194,12,1
195,15,3
195,40,2
195,36,2
195,42,2
195,24,3
195,34,5
196,24,1
196,20,5
196,9,2
196,10,3
196,43,5
196,44,2
196,35,4
196,32,3
196,23,3
196,37,2
196,47,2
196,45,2
197,24,1
197,41,2
197,18,1
197,46,4
197,12,4
197,38,3
197,1,3
198,48,4
198,4,3
198,27,1
198,37,1
198,28,1
198,29,5
198,32,2
198,40,2
198,47,4
198,35,1
198,45,3
198,28,4
198,15,3
198,41,1
198,29,2
198,27,4
198,48,2
198,6,2
198,16,1
199,7,5
200,13,2
200,20,1
200,44,5
200,30,4
200,21,4
200,29,2
201,15,1
201,45,2
201,47,4
201,29,1
201,44,4
201,50,4
201,30,1
201,9,4
201,41,5
201,30,2
201,31,1
201,20,4
201,47,4
201,9,4
201,43,5
201,31,3
201,19,2
202,44,5
202,46,5
202,34,1
202,31,1
202,49,4
202,11,1
202,33,2
202,42,3
202,26,1
202,42,1
202,1,5
202,10,1
202,40,1
202,35,2
202,46,4
203,7,1
203,32,5
203,26,4
203,42,5
204,19,1
204,4,5
204,23,2
204,37,5
204,26,4
204,30,4
204,22,1
204,38,4
204,29,2
204,47,3
204,39,1
205,23,3
205,7,4
205,37,2
205,23,4
205,5,2
205,39,5
205,41,2
205,1,3
205,4,3
205,5,2
205,9,3
205,11,3
205,20,3
205,43,4
205,29,5
205,50,5
205,28,5
206,41,1
206,23,2
206,12,4
206,2,5
206,14,3
206,21,5
206,16,3
206,34,5
207,35,4
207,42,5
207,10,5
207,6,3
207,48,2
207,40,3
207,19,2
207,38,4
207,33,2
207,5,3
207,2,2
207,34,3
207,41,3
207,38,4
207,42,2
207,24,2
207,11,1
207,47,4
207,23,1
207,36,5
208,28,2
208,30,2
208,31,2
208,39,3
208,36,5
208,33,1
208,11,4
208,9,4
208,22,3
208,35,5
208,25,4
208,5,3
208,34,2
208,32,3
208,30,1
209,6,3
209,45,4
209,11,2
209,32,5
209,21,3
209,30,5
209,1,3
209,48,3
209,10,4
209,18,1
209,7,1
210,29,4
210,50,4
210,5,1
210,27,4
210,23,3
211,41,5
211,1,3
211,16,4
211,9,5
211,3,2
211,5,2
211,44,5
211,18,5
211,3,4
211,49,1
211,3,2
211,28,1
211,10,2
211,15,2
211,37,4
211,38,3
211,11,5
212,11,4
212,42,5
212,12,2
212,5,5
212,4,3
212,15,1
212,32,4
212,41,1
212,40,4
213,20,3
213,6,3
213,3,4
213,2,1
213,42,5
213,19,2
213,9,3
213,7,5
213,46,5
213,4,4
213,2,1
213,29,5
213,16,4
213,6,5
213,46,4
213,27,3
213,36,2
213,21,3
214,3,4
214,40,4
214,38,4
214,1,1
214,33,2
214,46,1
214,2,5
215,2,2
215,50,5
215,3,2
215,6,2
215,14,1
215,18,2
215,28,4
215,2,3
215,50,2
215,13,1
215,39,2
215,40,5
215,1,5
216,25,4
216,12,5
216,49,4
216,1,2
216,6,1
216,22,4
216,15,1
216,23,3
216,33,1
216,29,3
216,37,5
216,42,4
216,39,3
216,50,3
216,18,1
216,19,2
216,14,2
216,38,1
216,49,1
217,17,3
217,5,3
217,14,2
217,44,1
217,4,4
217,11,1
217,28,4
217,34,2
217,33,2
217,1,3
217,1,5
217,26,2
217,37,2
217,3,2
217,6,2
218,38,2
219,26,5
219,43,3
219,46,3
219,26,5
219,42,1
219,21,1
219,27,4
219,27,3
219,40,4
219,34,2
219,30,5
219,31,3
219,37,3
219,13,4
219,28,2
219,39,2
219,19,5
220,17,1
220,40,1
220,26,4
220,25,3
220,4,5
220,33,2
220,18,3
220,20,3
220,16,1
220,24,4
220,9,1
220,29,5
220,9,4
220,13,2
220,30,1
221,47,2
221,25,3
221,9,4
221,25,5
221,25,1
221,14,4
221,17,3
221,3,4
221,1,5
221,27,1
221,30,3
221,34,1
221,20,4
222,18,4
222,4,3
222,33,5
222,13,1
222,1,1
222,9,3
222,42,5
222,40,3
222,39,2
222,15,5
222,29,4
222,15,3
222,33,5
222,16,5
222,39,2
223,42,2
223,2,2
223,46,5
223,11,4
223,3,5
223,18,3
224,8,4
224,41,4
224,42,3
224,8,2
224,27,5
224,31,1
224,47,1
224,30,1
224,10,4
224,15,4
224,36,5
224,40,3
224,23,3
224,29,1
224,27,4
224,13,4
224,15,3
224,33,3
225,30,4
225,39,3
225,28,4
225,36,4
225,14,5
225,34,2
225,8,5
225,18,1
225,4,5
225,39,2
225,39,3
225,44,4
225,28,2
225,34,4
226,3,2
226,1,5
226,42,2
226,14,5
226,30,3
226,46,5
226,47,3
226,21,2
226,30,5
226,23,2
226,44,4
226,27,2
226,2,2
226,34,3
226,27,4
226,21,5
226,21,4
227,23,5
227,46,1
227,23,2
227,41,5
227,34,1
227,31,4
227,3,4
228,1,4
228,29,4
228,12,2
229,10,5
229,21,4
229,46,1
229,3,5
229,48,5
229,1,3
229,30,1
229,33,3
229,39,3
230,40,5
230,21,5
230,10,2
230,6,1
230,36,2
230,41,2
230,23,4
231,35,4
231,20,5
231,41,1
231,2,5
231,50,4
231,10,3
231,40,4
231,26,3
231,28,3
231,13,4
231,25,2
231,37,5
231,22,3
231,22,3
232,46,1
232,36,5
232,25,5
232,40,2
232,18,3
232,7,4
232,35,5
233,29,2
233,48,1
233,48,3
233,34,1
233,36,5
233,37,1
233,35,4
233,39,4
233,43,3
233,34,3
233,30,5
233,7,2
233,38,2
233,37,1
233,35,5
233,45,2
233,15,2
233,1,2
233,41,1
234,16,2
234,44,3
234,30,4
234,39,3
234,10,3
234,42,1
235,33,2
235,5,2
235,44,2
235,14,1
235,14,3
235,34,2
235,43,3
235,39,1
235,12,3
235,23,4
235,13,4
236,7,4
236,9,3
236,40,1
236,50,3
236,27,4
236,16,3
236,34,2
236,26,4
236,15,2
236,37,4
236,35,1
236,35,4
236,16,3
236,16,5
236,34,1
236,42,3
236,33,4
236,37,3
236,43,1
237,1,5
237,13,1
237,20,2
237,25,4
237,24,2
237,45,4
237,31,1
237,36,4
237,48,3
237,50,3
237,22,3
237,36,1
238,46,4
238,11,4
238,36,3
238,13,5
238,19,5
238,49,1
238,17,2
238,38,2
238,12,4
238,22,3
238,16,2
238,7,2
238,10,1
238,22,3
238,24,2
238,48,3
238,2,3
238,42,5
239,45,4
239,10,4
239,45,2
239,20,2
239,47,1
239,12,2
239,21,4
239,24,2
239,37,3
239,16,3
239,5,1
239,44,5
239,36,4
239,47,2
239,26,3
239,10,1
240,21,2
240,23,5
240,31,5
240,38,4
240,47,3
240,13,2
240,26,5
240,38,1
240,17,4
241,23,4
241,19,3
241,23,1
241,14,1
241,50,4
241,22,2
241,50,2
241,31,5
241,29,5
242,3,3
242,14,3
242,25,3
242,25,5
242,11,3
242,1,4
242,39,3
242,48,1
242,19,1
242,36,5
242,23,5
242,37,4
242,12,1
242,27,1
243,31,5
243,12,1
243,25,5
243,8,2
243,21,3
243,21,5
243,48,3
243,11,4
243,1,5
243,43,1
243,26,5
244,48,1
244,15,5
244,48,5
244,19,5
244,33,1
244,32,4
244,26,1
244,15,3
244,22,4
244,11,3
244,43,1
245,42,1
245,5,5
245,19,1
245,36,2
245,33,5
245,35,4
245,3,4
245,47,1
245,2,2
245,5,1
245,3,3
245,19,2
245,19,2
245,36,4
245,19,1
245,36,3
245,10,2
246,20,5
246,29,3
246,2,4
246,42,5
246,32,3
246,25,3
246,38,1
246,38,3
246,30,1
246,23,4
246,43,4
246,10,5
246,19,3
247,44,5
247,19,1
247,34,1
247,15,2
247,14,5
247,29,3
247,12,2
247,5,5
247,50,1
247,41,5
247,49,4
247,16,4
247,19,2
247,36,3
247,13,3
247,27,1
247,35,3
247,1,4
247,17,1
248,19,5
248,9,2
248,45,4
248,14,3
248,36,1
248,27,5
248,32,3
248,25,5
248,2,3
248,33,3
248,43,3
248,25,5
248,15,1
248,46,5
248,50,5
249,38,1
250,49,2
250,25,2
250,42,2
250,40,3
250,44,3
250,37,3
250,6,3
251,41,3
251,3,1
251,11,2
251,17,4
251,9,2
251,30,2
251,27,2
251,2,1
252,42,2
252,1,2
252,45,5
252,43,4
252,39,3
252,27,3
252,42,1
252,42,4
252,1,1
252,50,4
253,14,5
253,9,4
253,28,4
253,40,4
253,34,1
253,4,2
253,48,5
253,14,3
253,45,4
253,17,2
253,43,2
253,50,1
253,21,2
253,44,2
253,22,1
253,1,1
253,18,1
254,34,1
254,13,4
254,26,5
254,44,3
254,16,5
254,43,5
254,13,2
254,50,5
254,10,1
254,36,3
254,48,1
254,35,2
255,11,3
255,33,4
255,12,5
255,45,5
255,4,4
255,4,2
255,33,2
255,15,4
255,30,2
255,2,5
255,11,4
255,44,5
255,27,5
256,39,2
256,17,2
256,10,4
256,21,2
256,28,3
256,1,5
256,22,5
256,39,3
256,7,1
257,39,5
257,30,1
257,33,4
257,45,1
257,25,5
257,45,5
258,11,2
258,21,1
258,4,1
258,14,5
258,50,3
259,1,1
259,47,5
259,42,4
259,4,1
259,17,1
259,44,2
259,16,4
259,30,1
259,13,2
259,16,5
259,45,4
259,34,3
259,24,4
259,38,3
259,35,4
259,43,5
259,50,1
259,32,4
260,47,1
260,46,3
260,43,5
260,5,3
260,43,4
260,5,4
260,50,1
260,50,4
260,1,3
260,28,1
260,24,1
260,41,5
260,42,1
260,27,4
260,24,1
260,26,4
261,19,1
261,33,5
262,2,3
262,26,2
263,42,3
263,46,4
263,49,4
263,36,4
263,21,1
263,27,5
263,16,4
263,30,5
263,35,3
263,4,5
263,23,3
263,8,3
263,49,1
263,9,5
263,23,2
263,20,4
263,4,3
263,10,5
264,38,2
264,41,5
264,1,4
264,13,4
264,27,1
264,17,3
264,1,2
264,4,4
264,6,1
265,25,5
265,22,3
266,44,4
266,12,4
266,13,5
266,27,4
266,39,1
266,8,5
266,13,1
266,39,4
267,37,2
267,8,5
267,8,3
267,16,3
267,26,2
267,19,3
267,22,2
267,42,2
267,29,4
267,36,2
267,14,4
268,47,4
268,7,4
268,33,3
268,16,3
268,11,1
268,2,4
268,42,3
268,30,3
268,36,3
268,13,1
268,40,4
269,42,1
269,9,1
269,9,3
269,21,1
269,35,4
269,36,2
269,19,5
269,22,4
269,19,5
269,30,3
270,42,3
270,35,5
270,28,2
270,48,1
270,13,3
271,42,1
271,8,3
271,46,3
272,11,3
272,13,1
272,7,5
272,23,3
272,16,3
272,2,5
272,23,1
272,10,5
272,27,5
272,36,4
272,18,1
272,48,4
272,14,3
272,12,1
272,35,1
272,11,1
272,31,1
272,48,4
272,12,4
273,36,1
273,45,3
273,6,4
273,50,4
273,29,2
273,49,3
273,8,3
273,43,3
273,25,5
273,20,5
273,10,3
273,38,3
273,29,3
273,49,3
273,27,3
273,5,4
274,38,2
274,33,1
274,1,1
274,18,4
274,44,5
275,3,4
275,3,1
275,2,5
276,18,4
276,3,2
276,33,5
276,23,1
276,42,3
276,4,2
276,4,2
276,41,2
276,46,3
276,27,1
276,24,2
276,22,5
276,2,1
276,30,2
277,4,5
277,36,2
278,24,1
278,16,3
278,21,2
278,49,1
278,17,4
278,34,3
278,29,1
278,8,1
278,37,1
278,46,2
278,14,4
279,6,4
279,20,5
279,25,2
279,7,5
279,19,2
279,39,2
279,10,1
279,6,2
279,13,5
279,49,4
279,14,2
279,40,2
280,9,2
280,21,3
280,50,5
280,28,2
280,49,2
280,38,5
280,49,4
280,11,1
280,27,2
280,19,3
280,49,5
280,25,5
280,45,4
281,49,3
281,50,3
281,8,3
281,2,4
281,24,3
281,7,4
281,50,5
281,17,4
281,11,4
281,35,1
281,35,5
281,29,3
282,50,5
282,17,5
282,44,2
282,23,1
282,11,2
282,21,5
283,1,4
283,49,5
283,17,4
283,41,1
283,11,2
283,30,5
284,5,5
284,22,1
284,43,1
284,44,5
284,25,5
284,29,4
284,34,2
284,31,2
284,45,5
284,2,4
284,33,2
284,12,4
284,37,2
284,26,3
284,37,4
284,23,2
284,23,3
284,41,1
284,34,4
284,18,1
285,47,2
285,38,5
285,24,2
285,16,4
285,1,5
285,3,5
285,43,4
285,27,5
285,29,5
285,45,1
286,10,2
286,32,3
286,20,3
286,30,1
286,2,1
286,38,2
286,37,5
286,14,3
286,13,2
286,22,3
286,25,3
287,43,5
287,44,1
287,8,2
287,9,2
287,43,4
287,7,3
287,45,2
287,37,3
287,3,4
288,34,1
288,15,3
288,5,2
288,46,3
288,43,4
288,42,4
288,39,1
288,42,1
288,25,4
289,15,1
289,28,5
289,28,1
289,3,3
289,40,5
289,14,1
289,24,4
289,38,1
289,17,1
290,18,1
290,4,1
290,15,5
290,47,5
290,25,3
290,19,1
290,20,1
290,6,3
290,34,1
290,48,4
290,44,2
290,22,1
290,2,1
290,38,1
290,1,5
290,10,4
290,16,3
290,3,2
290,32,4
290,14,1
291,14,1
291,2,3
291,28,2
291,9,5
291,13,4
291,18,3
291,26,1
291,16,2
291,10,2
291,27,1
291,22,5
291,36,3
291,50,5
291,39,3
291,14,5
291,43,2
291,49,2
292,5,1
292,50,4
292,2,3
292,39,5
292,35,5
292,24,1
293,39,2
293,28,5
293,45,4
293,8,3
293,41,2
293,29,2
293,16,4
293,41,2
293,44,3
293,10,4
293,48,2
293,43,3
293,15,2
293,29,5
293,18,4
293,14,4
293,17,5
293,14,5
294,48,3
294,10,1
294,17,1
294,2,2
295,18,1
295,42,2
295,46,4
295,37,2
295,18,3
295,9,5
295,15,2
295,2,3
295,20,2
295,26,1
295,32,2
295,38,2
296,32,2
296,25,3
296,13,4
297,2,5
297,45,3
297,15,2
297,21,2
297,46,3
297,44,5
297,46,3
297,14,1
297,36,2
298,28,3
298,7,2
298,41,3
298,37,3
298,20,2
298,2,3
298,14,1
299,6,2
299,36,4
299,4,2
299,37,1
299,10,5
299,25,5
299,7,2
299,44,4
299,48,5
299,32,5
299,39,1
299,47,3
299,43,4
299,8,2
299,9,3
299,48,4
300,8,2
300,15,2
300,40,5
300,9,3
300,27,2
300,36,5
300,10,1
300,31,5
300,29,3
300,22,4
300,15,3
300,47,2
301,5,3
301,17,1
301,12,1
302,38,5
303,19,3
303,16,4
303,30,5
303,10,3
303,3,4
303,2,3
303,49,2
303,3,5
303,31,4
303,34,2
303,43,2
303,14,3
303,45,4
303,36,1
303,18,4
303,5,5
303,2,4
303,27,2
303,9,4
303,12,5
304,45,4
304,47,4
304,23,5
304,20,5
304,31,3
304,46,4
304,9,4
304,31,5
304,31,3
305,37,4
305,15,1
305,15,5
305,37,1
305,4,5
305,41,2
305,5,3
305,36,4
305,41,5
305,34,4
305,45,4
305,10,2
305,30,5
305,21,5
305,31,4
306,41,3
306,23,1
306,14,5
306,36,3
306,40,3
306,45,1
306,11,4
306,39,2
306,21,2
306,38,1
306,2,4
306,26,3
306,41,4
306,30,3
307,41,1
307,49,2
307,3,2
307,34,1
307,7,1
307,6,3
307,8,2
307,18,1
307,5,1
307,6,4
307,27,1
307,15,2
307,7,5
307,28,4
307,19,2
307,44,4
307,17,2
308,25,4
308,16,5
308,50,4
308,37,3
308,37,5
308,8,4
308,25,3
308,23,3
308,28,2
308,38,1
308,9,5
308,21,4
308,25,2
308,37,4
308,33,2
308,48,4
308,11,2
308,22,5
309,11,2
309,41,3
309,16,2
309,29,3
309,13,1
309,14,2
309,46,1
309,45,1
309,19,5
309,35,4
309,40,3
309,36,5
309,22,4
309,22,4
309,37,3
309,35,1
309,49,5
309,30,2
310,50,1
310,38,5
310,50,4
310,21,3
310,42,1
310,1,3
310,37,5
310,38,3
311,43,3
311,24,2
311,20,3
311,16,2
311,43,2
311,1,1
311,9,1
311,42,1
311,38,5
311,24,5
311,28,1
311,19,4
312,6,3
312,34,1
312,27,3
312,38,5
312,41,2
312,15,4
312,47,1
312,44,2
313,29,3
313,23,1
313,32,1
313,2,3
313,4,3
313,33,2
313,21,5
313,33,5
313,18,1
313,28,5
313,40,1
313,40,3
313,20,1
313,11,5
313,37,4
313,7,2
313,45,3
313,16,4
313,10,2
314,22,2
314,41,1
314,36,2
314,27,4
314,21,5
314,45,2
314,25,5
314,3,1
314,33,4
314,8,5
314,7,3
315,21,4
315,9,5
315,32,4
315,44,2
315,5,5
315,36,4
315,42,3
316,18,3
316,8,3
316,14,5
316,25,5
317,17,4
317,16,4
317,34,2
317,12,5
317,30,4
318,6,5
318,1,2
318,26,5
318,4,2
318,35,2
318,26,5
319,49,4
319,8,2
319,22,1
319,3,4
319,31,4
319,42,4
319,11,2
319,42,5
319,18,3
319,3,1
319,13,1
319,36,4
319,39,5
319,13,2
319,11,3
319,34,4
319,29,5
319,33,5
320,46,5
320,12,3
320,16,4
320,13,1
320,20,5
321,9,3
321,45,1
321,36,5
321,40,3
321,48,3
321,41,3
321,35,1
321,11,5
321,46,4
321,21,5
321,7,5
321,47,5
321,22,1
321,26,4
321,47,2
321,2,5
321,49,1
321,7,2
322,47,1
322,48,4
322,25,1
322,8,2
322,37,2
322,8,4
322,21,4
322,13,3
323,17,5
323,7,1
323,22,2
323,5,5
323,37,1
323,11,1
323,1,4
323,23,4
323,14,1
323,18,4
323,33,2
323,14,3
323,28,4
324,21,2
324,27,1
324,4,2
324,45,5
324,39,5
324,3,4
324,24,4
324,20,3
324,46,3
324,12,3
324,22,2
325,29,2
325,9,2
325,21,5
325,24,2
325,27,3
325,33,5
325,46,1
325,21,5
325,17,3
325,2,3
326,32,2
326,32,2
326,33,3
326,43,5
326,3,4
326,24,3
326,20,1
326,20,3
326,3,1
326,27,3
326,29,4
326,48,4
326,31,4
326,36,5
326,7,3
327,1,5
327,14,3
327,4,3
327,9,2
327,45,4
327,5,1
327,15,2
327,14,4
327,6,3
327,10,2
327,32,5
328,41,1
328,4,5
328,39,5
328,49,1
328,23,5
329,42,1
329,34,5
329,17,5
329,32,5
329,47,1
329,46,1
329,37,2
329,40,5
329,24,5
329,8,1
329,42,2
329,10,4
329,30,5
329,24,4
329,42,4
329,14,5
329,24,1
329,39,4
330,47,3
330,35,5
330,45,2
331,38,5
331,40,3
331,33,5
331,11,4
331,50,5
331,9,3
331,13,4
331,37,1
331,27,5
332,14,4
332,3,2
332,46,4
332,32,1
332,38,3
332,24,5
332,38,2
332,45,2
332,1,2
332,9,1
332,14,4
332,35,3
333,33,2
333,16,4
333,16,1
333,41,2
333,6,5
333,25,4
333,41,2
333,16,3
333,43,3
333,37,1
333,40,2
333,32,4
333,8,3
333,40,4
334,50,4
334,30,3
335,34,2
335,48,1
335,4,2
335,9,1
335,44,5
335,14,4
335,22,5
335,17,1
336,29,2
336,18,5
336,46,1
336,40,2
336,24,2
336,49,2
336,34,2
336,22,1
336,35,1
336,49,4
336,34,5
336,19,1
336,9,5
336,10,4
336,41,5
336,41,4
336,7,1
336,36,2
336,44,3
337,10,4
337,8,3
337,23,3
337,10,1
337,28,4
337,17,5
337,45,3
337,23,1
337,29,1
337,47,1
337,29,2
337,50,1
337,3,5
337,33,3
337,12,1
337,28,2
337,33,3
337,20,5
337,21,2
337,16,5
338,8,5
338,29,2
338,10,3
338,46,2
338,26,4
338,26,2
338,32,1
338,21,1
338,5,1
338,42,5
338,39,3
338,42,1
338,20,5
339,49,2
339,49,4
340,44,2
340,30,3
340,40,2
341,47,5
341,4,2
341,8,3
341,40,4
342,21,3
342,33,4
342,36,3
343,21,1
343,13,1
343,11,3
343,44,1
344,3,3
344,36,1
344,38,3
345,21,2
345,7,2
345,46,2
345,35,4
345,29,1
345,37,4
346,5,4
346,14,5
346,31,4
346,4,3
346,39,3
346,41,3
347,34,3
347,40,2
347,26,2
347,15,3
347,24,1
347,23,1
347,8,1
347,11,3
347,44,2
347,2,1
348,1,4
348,26,4
348,14,5
348,22,2
348,29,5
348,47,2
348,32,5
348,36,3
348,11,4
348,22,1
348,30,1
348,45,2
348,7,5
348,10,1
348,21,3
348,22,3
348,39,4
348,45,4
349,29,3
349,20,4
349,44,4
349,25,5
349,43,4
349,20,4
349,28,5
349,33,4
349,2,4
349,4,1
349,38,1
349,3,5
349,47,2
349,44,1
349,34,1
350,25,3
350,19,1
350,6,2
350,3,2
351,17,2
351,15,3
351,15,3
351,6,2
351,16,1
351,32,3
351,36,5
351,31,4
351,35,5
351,45,1
351,30,1
351,48,2
351,28,3
351,27,1
351,43,3
352,21,3
352,49,4
352,8,1
352,5,5
352,24,1
352,49,4
352,12,1
352,29,4
352,46,5
352,13,1
352,1,5
352,13,5
352,43,5
352,23,1
352,8,4
352,44,1
352,29,5
352,34,5
352,36,3
352,3,1
353,47,4
353,3,4
353,7,1
353,17,3
353,10,2
353,43,5
353,24,1
353,45,2
353,35,1
354,5,1
354,5,4
354,27,2
354,14,4
354,14,1
354,47,1
354,7,4
354,24,3
354,16,2
354,1,2
354,22,3
354,26,2
354,37,2
354,49,4
354,42,2
354,1,3
354,18,3
354,5,3
355,49,4
355,43,1
355,17,1
355,42,2
355,15,5
355,50,3
355,7,1
355,4,2
355,10,4
355,8,2
355,18,2
355,20,1
355,14,4
355,16,1
355,24,1
355,28,2
356,33,1
356,10,3
357,13,4
357,9,4
357,43,5
357,42,5
357,23,2
357,11,2
358,7,5
358,7,5
358,33,3
358,39,1
358,36,2
358,46,1
358,25,1
358,21,3
358,16,1
358,18,4
358,26,5
358,29,5
358,42,1
358,25,4
358,18,2
358,4,5
358,32,1
359,22,5
359,7,2
359,31,1
359,49,1
359,12,5
359,30,4
359,23,2
359,50,2
359,39,3
359,21,2
359,3,1
359,25,3
359,10,1
359,44,2
359,1,1
359,41,5
359,1,2
359,6,4
359,40,1
360,27,4
360,16,2
360,37,5
360,37,3
360,13,3
360,26,5
360,24,2
360,49,2
360,6,4
360,2,1
360,14,2
360,20,5
360,5,1
360,11,1
360,5,3
360,30,1
360,40,1
360,1,3
360,13,1
360,26,4
361,9,2
361,24,1
361,21,5
361,1,3
361,20,4
362,19,1
362,28,1
362,23,3
362,25,5
362,17,3
362,38,4
362,44,4
362,23,3
362,27,4
362,22,1
362,25,4
362,47,1
362,39,2
362,21,3
362,22,2
362,37,2
362,20,1
363,37,4
364,41,1
364,39,5
364,42,2
364,24,1
364,35,4
364,43,2
364,50,5
364,1,3
364,2,2
364,38,3
364,6,2
365,5,4
365,44,1
365,8,5
365,14,3
365,23,4
365,28,4
365,43,5
365,27,2
365,45,5
365,41,2
365,37,2
365,45,5
365,12,5
365,17,1
366,1,2
366,44,2
366,21,3
366,44,3
366,34,1
366,34,5
366,47,2
366,9,3
366,9,5
366,25,2
366,10,4
366,18,4
366,9,4
366,24,5
366,36,3
366,16,4
366,31,4
366,31,2
367,21,1
367,28,4
367,5,4
367,23,3
367,45,1
367,6,5
367,17,3
367,6,5
368,16,1
368,13,2
368,42,4
368,41,5
368,8,1
368,38,3
369,50,2
369,10,2
369,8,2
369,43,4
369,31,1
369,7,4
369,13,2
369,2,1
369,28,4
369,26,1
369,50,4
369,23,4
369,41,2
369,34,2
369,35,2
369,47,2
370,43,3
370,31,2
370,48,1
370,39,5
370,27,3
370,18,5
370,23,5
370,18,1
370,39,1
370,20,3
370,19,3
370,13,5
370,19,2
370,19,5
370,29,4
370,12,2
370,47,3
371,14,5
371,35,4
371,2,3
371,44,2
371,19,4
371,36,3
371,7,1
371,5,2
371,10,2
371,6,4
371,45,4
371,20,4
372,43,4
372,33,2
373,34,5
373,39,1
373,49,4
373,29,4
373,50,4
373,31,5
373,14,5
374,41,1
374,9,4
374,18,2
374,46,5
374,45,2
374,47,4
374,6,4
374,12,4
374,18,3
374,9,2
374,33,5
374,17,5
374,13,2
375,21,3
375,2,4
375,47,5
375,38,1
375,4,4
375,37,5
375,15,5
375,28,3
375,27,1
375,26,1
375,15,2
375,34,2
376,22,1
376,1,2
376,50,4
376,23,1
376,21,4
376,23,5
376,22,4
377,38,2
377,43,1
377,9,3
377,16,2
377,18,1
377,16,2
377,10,5
377,39,1
377,33,3
377,36,4
377,1,2
377,46,4
377,43,1
377,49,3
377,7,1
377,46,5
377,4,2
377,32,2
377,25,5
377,7,4
378,14,2
378,42,4
378,15,3
378,42,2
378,32,3
378,15,5
378,34,1
378,16,5
378,50,3
378,17,4
378,15,2
378,8,5
378,17,5
378,27,3
379,13,4
379,44,5
379,19,3
379,9,3
379,18,4
379,41,5
379,47,3
379,43,5
379,50,2
379,31,4
379,18,1
379,42,3
379,31,5
380,11,3
380,48,3
380,45,2
380,18,3
380,12,5
380,44,2
381,1,4
381,40,4
381,38,5
381,18,4
381,29,2
381,19,3
381,46,4
381,9,5
381,14,1
381,34,3
381,43,3
381,21,2
381,16,1
381,27,2
382,44,1
382,20,3
382,33,2
382,23,2
382,31,1
382,6,2
382,7,4
382,20,5
382,37,4
382,6,2
382,1,4
382,19,3
382,40,1
382,18,3
382,48,1
382,41,5
382,9,2
382,1,5
382,26,3
383,40,3
383,19,1
384,50,5
384,29,5
384,24,4
384,19,2
384,16,5
384,10,3
384,22,5
385,22,3
385,9,5
385,37,2
385,45,3
385,10,1
385,50,5
385,23,3
385,29,1
385,1,3
385,36,4
385,42,3
385,25,5
385,22,3
385,11,5
386,13,3
386,31,2
386,25,4
386,11,2
386,50,4
386,28,5
386,48,1
386,38,3
386,36,2
386,1,1
386,49,5
387,8,2
387,32,5
387,38,3
387,17,2
387,27,1
387,10,1
387,31,1
387,44,4
387,35,3
387,29,2
387,14,3
387,27,5
387,37,2
387,6,5
387,41,4
387,3,1
388,18,2
388,38,1
388,44,4
388,18,4
388,35,4
388,47,4
388,13,1
388,10,3
388,3,2
388,49,5
388,43,5
388,34,4
388,25,5
388,30,1
388,46,3
388,37,3
388,15,5
389,45,2
389,13,3
389,6,4
390,9,1
390,44,2
390,27,1
390,21,1
390,24,3
390,42,3
390,44,4
390,37,2
390,39,5
390,1,2
390,20,3
390,50,3
391,14,2
391,2,1
391,2,3
391,39,4
391,44,5
391,14,4
391,40,2
391,43,2
391,8,5
391,12,3
391,27,5
391,28,4
391,39,2
391,8,2
391,36,4
391,1,3
391,48,2
391,26,3
391,8,1
391,20,2
392,17,5
392,19,2
392,7,3
392,8,3
392,17,2
392,18,2
392,47,3
392,4,5
392,13,3
392,33,4
392,22,5
392,45,3
392,24,3
392,1,1
392,9,5
392,30,4
392,4,4
392,39,2
392,9,2
393,20,4
393,15,2
393,49,4
393,4,2
393,9,4
393,43,1
393,6,4
393,27,2
393,6,5
393,20,3
393,40,2
393,7,2
393,5,1
393,22,3
393,15,5
393,47,4
394,6,3
394,35,1
394,19,3
394,8,4
394,38,3
394,22,3
394,27,3
394,32,1
394,8,5
394,5,3
394,21,5
394,15,2
394,33,3
394,2,2
394,20,4
394,16,3
394,12,3
395,45,1
396,2,4
397,10,5
397,23,5
397,25,3
397,18,5
397,9,1
397,8,3
397,24,3
397,34,5
397,5,2
397,50,2
397,22,5
397,43,5
397,34,1
398,3,4
398,40,4
398,3,3
398,41,1
398,48,2
398,41,4
398,2,1
398,2,2
398,29,3
398,16,4
398,22,3
398,4,2
398,42,1
398,31,1
398,42,3
398,19,1
399,6,5
399,12,5
399,8,3
399,38,1
399,32,3
399,28,3
399,44,3
399,30,1
399,40,3
399,46,4
399,2,4
399,13,4
400,14,2
401,30,5
401,50,3
401,5,1
401,38,1
401,19,4
402,25,1
402,28,5
402,7,3
402,17,5
402,11,1
402,6,1
402,48,2
402,7,3
402,22,3
402,32,3
402,9,1
403,41,1
403,41,5
403,34,1
403,39,2
403,9,1
403,33,3
403,16,3
403,22,1
403,37,4
403,44,4
403,24,1
403,19,5
403,18,1
403,12,4
404,23,1
404,7,1
404,27,1
404,48,2
404,49,3
404,13,4
404,31,3
404,16,4
404,49,1
404,44,5
404,14,2
404,13,3
404,44,4
404,38,5
404,1,4
405,15,4
405,26,3
405,43,3
405,28,5
405,10,5
405,29,2
405,26,5
405,35,2
405,50,1
406,32,5
406,6,1
406,42,4
406,3,3
406,37,2
407,45,5
407,18,1
407,9,3
407,36,5
407,46,2
407,33,4
407,12,4
407,42,2
407,17,5
407,42,4
407,9,4
407,13,1
407,27,5
407,8,5
407,22,2
407,27,2
407,22,4
407,4,4
407,7,4
407,6,5
408,31,2
408,37,1
408,28,5
408,17,1
408,14,5
408,14,3
408,3,2
408,44,5
409,17,2
409,32,1
409,1,3
409,24,4
409,23,1
409,39,5
409,43,2
409,46,4
409,39,2
409,6,2
409,29,4
409,6,4
409,27,1
409,49,3
410,14,1
410,45,4
410,37,3
411,8,1
411,20,2
411,27,1
411,31,1
411,31,4
411,17,3
411,42,3
411,12,3
411,16,2
411,18,4
411,24,4
411,9,3
411,12,3
411,15,1
411,47,3
411,15,2
411,23,5
411,28,4
411,32,1
412,30,5
412,43,3
412,33,4
412,25,4
412,10,1
412,7,5
412,7,1
412,14,4
412,4,5
412,1,3
412,11,2
412,19,5
413,29,2
413,33,5
413,7,4
413,32,4
413,24,5
413,35,5
413,26,1
413,27,5
413,2,2
413,21,2
413,31,5
414,19,2
414,34,5
414,7,3
414,5,2
414,44,4
414,38,2
415,30,1
415,26,5
415,41,5
415,47,4
415,10,5
416,24,4
416,19,1
416,19,3
416,38,2
416,19,1
416,36,3
416,27,2
416,17,2
416,48,1
416,48,3
416,33,5
416,13,4
416,48,2
416,9,4
416,12,3
416,33,2
416,44,5
416,33,4
416,28,1
417,25,4
417,9,1
417,40,1
417,18,3
417,8,2
417,33,4
417,9,4
417,6,4
418,46,5
418,28,3
418,47,5
419,49,5
419,27,4
419,32,5
419,40,2
419,1,2
419,17,3
419,48,5
419,39,3
419,18,2
419,35,1
419,45,5
419,11,1
419,36,3
420,38,1
420,37,4
420,35,3
420,16,5
420,37,2
420,43,2
421,14,1
421,19,5
421,38,5
421,24,5
421,15,2
421,13,5
421,22,4
421,45,3
421,3,5
421,25,1
421,16,3
421,40,2
421,13,3
421,8,2
421,10,2
421,48,3
422,44,3
422,45,4
422,1,2
422,27,3
422,14,1
422,40,5
422,1,5
422,3,2
422,3,4
422,9,4
423,33,3
423,10,1
423,31,5
423,12,3
423,3,2
423,29,2
423,38,4
423,25,3
423,33,2
423,42,4
423,32,5
423,4,5
423,20,5
423,27,2
423,26,5
423,18,4
424,36,5
424,47,4
424,42,2
424,49,5
424,33,1
424,30,5
424,14,4
424,29,1
424,26,4
424,4,2
424,12,3
424,28,2
424,5,2
424,18,4
425,31,4
425,44,2
425,40,2
425,8,3
425,28,2
425,32,4
425,6,5
425,18,1
425,50,5
425,44,5
425,32,2
425,5,4
425,3,3
425,50,5
425,48,1
425,19,1
425,2,5
426,20,2
426,20,4
426,15,2
426,43,4
426,13,3
426,16,1
426,34,3
426,14,3
426,49,2
426,47,4
427,34,1
427,9,5
427,37,1
427,16,2
427,28,2
427,10,2
427,24,1
427,26,2
427,32,3
427,16,5
427,18,3
427,18,1
427,36,4
427,17,1
427,37,1
427,18,1
427,32,1
428,46,5
428,23,5
428,49,1
428,31,5
428,20,2
428,40,1
429,9,1
429,8,1
429,19,5
429,15,2
429,46,2
429,24,4
429,23,2
429,11,2
429,8,3
429,19,1
429,11,5
430,47,3
430,2,1
430,29,2
430,19,2
430,28,3
430,28,3
430,11,5
430,11,2
431,20,1
431,38,4
431,28,3
431,4,1
431,28,1
431,11,5
431,19,3
431,22,5
431,38,2
432,22,4
432,17,1
432,15,2
432,26,2
432,12,1
432,20,3
432,32,2
432,8,1
432,9,4
433,15,1
433,29,4
433,7,4
433,38,2
433,44,1
433,18,2
433,30,4
433,19,5
433,1,5
433,44,5
433,15,5
433,46,2
433,2,2
433,1,2
433,1,4
433,18,4
433,19,2
433,36,3
433,34,5
433,37,3
434,20,1
434,41,1
434,42,2
434,34,5
434,45,2
434,42,1
434,4,3
434,10,2
434,21,2
434,46,2
434,35,3
434,14,1
434,10,2
434,25,2
434,7,1
434,41,5
434,9,5
434,33,1
434,30,4
434,6,4
435,41,1
435,5,4
435,28,5
435,50,4
435,36,4
435,21,3
435,38,4
435,29,4
435,4,1
435,11,2
435,26,2
435,18,3
435,6,2
435,31,2
436,49,3
436,3,2
436,13,3
437,8,5
437,32,3
437,13,3
437,46,3
437,40,2
437,1,5
438,44,4
438,25,3
438,5,1
438,33,1
438,23,3
438,42,4
438,7,3
438,3,3
438,28,5
438,47,4
439,28,2
440,17,1
440,49,3
440,28,3
440,5,3
440,49,1
440,29,4
440,27,2
440,30,1
440,2,4
440,23,2
440,46,2
440,31,2
440,34,4
440,35,2
440,2,4
440,26,4
440,39,1
440,24,3
440,3,5
440,47,4
441,5,5
441,48,2
441,38,1
441,6,2
441,32,4
441,44,2
441,19,2
442,12,2
442,17,5
442,15,3
442,19,2
442,35,3
442,40,4
442,6,4
442,48,4
442,30,3
442,30,1
442,2,2
442,30,3
443,14,5
443,4,1
443,49,3
443,20,4
443,3,5
443,37,5
443,46,5
444,18,4
444,17,4
444,23,4
444,48,4
444,50,4
444,5,4
444,36,1
444,18,3
444,3,3
444,27,2
444,12,3
444,45,1
444,46,3
444,37,4
444,47,4
445,42,5
445,22,5
446,16,5
446,10,1
446,12,4
446,44,3
446,50,3
446,21,3
446,37,2
447,39,5
447,24,4
447,39,1
447,1,2
447,46,3
447,49,3
447,32,5
448,23,5
448,20,5
448,50,1
448,7,5
448,28,2
448,15,5
448,2,5
448,3,5
448,41,5
448,26,2
448,9,1
448,43,4
448,35,3
448,16,3
448,15,5
448,46,1
448,14,3
448,50,2
449,3,1
449,39,3
449,11,4
449,34,2
449,48,2
449,4,5
449,48,4
449,25,5
449,3,4
449,38,2
449,20,5
449,5,2
449,28,3
449,24,2
449,1,4
449,48,2
449,15,3
450,31,1
450,25,3
450,8,1
450,25,4
450,42,2
450,30,4
450,10,1
450,6,1
450,42,5
450,30,3
450,3,3
450,5,5
450,22,2
450,33,5
450,34,1
450,11,2
450,22,2
450,35,2
450,19,1
451,23,1
451,33,1
451,29,4
451,4,1
451,16,2
451,28,4
451,24,4
451,38,5
451,27,3
451,33,3
451,11,1
451,29,1
452,42,4
452,16,3
452,6,5
452,6,2
452,47,3
452,41,2
452,5,4
452,26,3
452,50,3
452,17,2
452,37,4
452,18,5
452,26,3
452,13,2
452,19,2
452,4,4
452,3,5
452,46,3
452,9,4
453,39,5
453,33,4
453,16,2
453,38,5
453,33,3
453,48,1
453,3,5
453,30,4
453,50,1
453,20,5
453,5,5
453,30,5
453,28,4
453,6,3
453,50,2
453,7,4
453,38,1
454,9,5
454,49,1
454,40,1
454,18,3
454,38,4
454,11,1
454,12,2
454,18,2
454,15,1
455,46,2
455,23,2
455,22,2
455,33,3
455,18,4
455,28,3
456,30,1
456,19,2
456,16,1
456,31,5
456,50,2
456,41,3
456,50,3
456,13,1
456,14,3
456,1,3
457,32,5
457,40,4
457,6,1
457,13,4
457,17,4
457,29,5
457,13,2
457,17,2
457,43,4
457,12,2
457,43,4
457,24,1
457,48,1
457,25,1
457,42,5
457,5,3
457,49,4
457,16,4
457,31,4
457,8,4
458,15,4
458,2,3
458,37,3
458,13,4
458,13,2
458,28,2
459,43,5
459,2,2
459,38,1
459,28,4
459,9,3
459,50,2
459,2,2
459,48,4
459,35,2
459,16,5
459,30,5
459,8,2
459,46,1
459,13,3
459,35,2
459,23,2
460,4,3
460,37,1
460,19,4
460,1,1
460,36,1
460,6,3
460,7,3
460,44,3
460,37,1
460,49,3
460,16,3
460,36,2
460,31,5
461,27,3
461,43,2
461,14,1
461,3,4
461,50,1
461,2,5
461,39,3
462,29,3
462,48,3
462,25,3
462,4,2
462,7,4
462,46,3
462,9,4
462,27,3
462,35,2
462,31,2
462,33,2
462,10,2
463,14,5
463,15,4
463,34,4
463,29,5
463,48,1
464,38,4
464,30,3
464,28,3
464,18,2
464,27,4
464,7,4
464,43,3
464,38,5
464,16,1
464,42,3
465,14,1
465,32,1
465,38,1
465,29,5
465,38,2
465,36,1
465,30,5
465,42,4
465,33,3
466,5,5
466,31,4
466,32,2
466,15,1
466,9,5
466,40,5
466,39,5
466,2,4
466,36,5
466,10,2
466,15,3
466,9,3
466,23,1
466,7,1
466,47,2
466,33,2
467,15,1
467,26,5
467,7,4
468,27,4
468,46,2
468,20,2
469,28,4
469,36,1
469,20,1
469,45,5
470,46,4
470,22,3
470,7,2
470,2,5
470,41,5
470,5,5
470,5,1
470,34,2
470,32,5
470,18,5
470,45,1
470,33,1
470,1,4
470,31,5
470,48,1
470,32,3
471,45,4
471,10,4
471,4,4
471,18,3
471,7,5
471,47,3
471,21,1
471,32,2
471,21,2
471,18,4
471,21,5
471,15,1
471,4,3
472,21,5
472,19,2
472,13,1
472,27,2
472,1,4
472,37,5
473,41,5
473,17,3
473,30,2
473,34,5
473,24,4
473,31,4
473,13,4
473,6,1
473,26,5
474,40,1
474,30,1
474,35,3
474,49,2
474,22,5
474,38,5
474,27,4
474,4,4
474,26,5
474,11,1
474,19,4
474,24,4
474,37,1
474,36,1
474,28,3
474,16,3
475,5,4
475,43,4
475,44,2
475,4,1
475,25,2
475,32,2
475,2,3
475,11,3
475,32,3
475,42,4
475,40,2
475,37,5
475,31,1
475,8,4
476,50,1
476,41,3
476,50,3
476,21,1
476,43,4
476,30,5
476,20,1
476,44,3
476,31,3
476,27,4
476,32,5
476,13,1
477,49,1
477,3,4
477,2,4
477,35,2
478,2,1
478,3,4
478,18,1
478,22,2
478,50,3
478,10,3
478,39,2
478,15,4
478,23,4
478,32,1
478,38,2
479,33,3
479,35,3
479,10,2
479,34,2
479,12,4
479,50,4
479,34,3
479,38,1
479,24,3
479,30,4
479,4,2
479,21,1
479,42,3
479,32,1
479,36,5
479,37,4
480,29,4
480,13,2
480,2,4
480,10,3
480,19,1
480,7,2
480,31,4
480,9,3
480,36,4
480,15,1
480,33,4
480,2,4
481,39,2
481,36,4
481,15,2
482,50,4
482,48,5
482,10,5
482,45,4
482,33,3
483,24,2
483,31,2
483,21,5
483,22,4
483,16,2
483,2,2
483,37,3
483,6,5
483,37,4
483,26,2
483,41,3
483,30,5
483,43,5
483,18,1
483,48,2
483,46,5
484,32,1
485,10,5
485,31,3
485,17,3
485,26,5
485,43,4
485,34,2
486,40,2
486,43,5
486,11,2
486,10,5
486,48,3
486,14,4
486,16,5
486,50,5
486,37,3
486,44,1
486,41,3
486,48,2
486,17,5
486,28,2
486,17,5
486,46,5
487,16,5
487,7,3
487,12,3
487,34,4
487,15,2
487,11,3
487,42,3
487,43,3
487,37,3
487,25,5
487,44,4
487,1,4
488,46,3
488,22,3
488,9,3
488,42,3
488,16,3
488,30,5
488,29,4
488,29,3
488,18,1
488,28,4
488,35,5
488,35,5
488,9,3
488,7,3
488,45,1
489,46,2
489,47,2
489,18,1
489,8,4
489,38,3
489,19,3
489,45,2
489,48,1
489,7,3
489,29,1
489,2,4
489,50,4
489,11,2
490,35,2
490,7,2
490,13,2
490,35,3
490,21,2
490,13,5
490,2,2
490,8,3
490,38,2
490,38,4
490,36,2
490,46,3
490,25,2
490,22,3
490,7,5
490,27,2
490,33,5
490,1,2
491,49,5
491,15,3
491,49,4
491,1,2
491,25,2
491,10,3
491,33,2
491,47,1
491,15,3
491,14,4
491,47,5
491,20,2
491,50,4
492,47,3
492,18,3
492,40,4
492,22,2
492,7,5
492,26,2
492,24,5
492,23,4
492,13,1
492,48,1
492,21,4
493,18,3
493,23,5
493,35,3
493,47,5
493,7,2
493,45,2
493,41,3
493,50,1
494,14,2
494,2,2
494,36,5
494,40,3
494,1,2
494,18,4
494,39,3
494,24,2
495,20,4
495,29,3
495,17,3
495,12,1
495,41,1
495,25,3
496,27,3
496,38,3
496,11,3
496,31,1
496,35,1
496,13,5
496,32,4
496,27,5
496,31,5
496,23,5
496,50,4
496,38,5
496,9,2
496,15,2
497,41,2
497,13,1
497,7,3
497,29,5
497,9,4
497,38,1
498,38,5
498,28,4
498,37,2
498,29,1
498,47,1
499,26,1
499,16,5
499,20,5
499,48,4
499,34,2
499,28,2
499,22,2
499,22,3
500,35,4
500,40,3
500,23,2
500,3,5
500,21,3
500,6,5
500,31,2
500,44,3
500,18,5
500,13,5
500,5,2
500,13,1
500,15,3
500,19,3
500,3,3
500,11,5
501,48,5
501,7,2
501,7,1
501,23,4
501,26,2
501,6,1
501,36,4
501,38,1
502,5,3
502,26,1
503,11,1
503,35,4
503,44,1
504,1,2
504,46,1
504,13,4
504,43,3
505,33,5
505,16,2
505,45,4
505,24,4
505,43,5
505,15,3
505,46,4
505,7,2
505,10,2
505,39,2
505,33,5
505,30,5
505,21,5
505,15,1
505,39,4
505,21,1
505,30,5
505,2,4
505,17,3
506,7,3
506,44,4
506,3,3
506,13,5
506,46,5
506,44,1
506,30,5
506,28,3
506,4,3
506,45,3
506,47,4
506,31,1
507,18,1
507,20,5
507,31,2
507,29,4
507,26,4
507,16,5
507,49,4
507,38,4
507,49,3
507,30,3
507,14,4
507,31,3
507,32,5
507,20,4
507,15,3
507,44,5
507,24,4
507,47,2
508,34,3
508,40,1
508,48,4
508,6,1
508,40,3
509,6,2
509,20,2
509,45,2
509,35,5
509,3,4
509,40,3
510,45,5
510,42,5
510,24,2
510,44,2
510,47,2
510,10,5
510,33,4
510,44,5
510,38,1
510,13,2
511,39,2
511,28,1
511,16,2
511,26,5
511,35,3
511,38,2
511,34,2
511,21,2
511,14,3
511,38,4
511,30,5
511,11,1
511,33,2
511,13,5
511,21,2
511,37,2
512,37,2
512,49,5
512,1,1
512,14,5
512,6,3
512,29,1
512,2,4
512,5,4
512,25,3
512,48,3
513,14,3
514,26,2
514,49,4
514,30,4
514,12,4
514,39,1
514,42,2
514,47,2
514,36,4
514,32,5
514,45,3
514,40,1
514,44,3
514,50,1
514,11,5
514,25,3
514,5,3
514,13,3
515,32,3
515,13,2
515,50,3
515,43,2
515,22,3
515,45,5
515,22,2
515,1,5
515,26,1
515,20,4
515,42,3
515,5,2
515,36,1
515,4,1
515,22,5
515,7,1
516,12,5
516,45,1
516,27,2
516,14,5
516,46,3
516,15,3
516,46,2
516,14,1
516,39,4
516,20,1
516,24,4
517,25,1
517,26,1
517,47,3
517,8,2
517,39,1
517,26,3
517,11,4
518,26,2
518,4,5
518,23,3
518,27,3
518,15,3
518,1,1
519,29,5
519,49,3
519,33,1
519,23,4
519,9,1
519,8,5
519,25,5
519,30,1
519,13,2
519,10,3
519,15,3
519,38,3
519,11,4
519,18,2
519,30,3
519,29,3
520,14,5
520,29,3
520,5,3
520,19,4
520,14,4
520,23,4
520,38,5
520,35,2
520,47,1
520,49,3
520,40,2
520,33,5
520,50,2
520,40,5
520,38,4
520,39,1
520,45,3
520,24,2
520,10,4
520,45,1
521,3,5
521,15,2
521,20,4
521,19,2
522,30,5
522,27,5
522,46,1
522,42,4
522,10,2
522,17,3
522,16,3
522,24,4
522,41,2
522,38,3
522,32,1
522,38,5
522,39,5
522,23,3
522,47,3
522,30,4
522,50,2
522,13,3
522,41,1
522,17,1
523,36,4
523,31,2
523,13,5
523,18,2
523,27,4
523,15,1
523,37,2
523,6,2
523,50,2
523,31,4
523,13,5
523,20,4
524,32,1
524,43,1
524,49,3
525,21,5
525,5,5
525,11,3
525,15,2
525,47,5
525,36,3
526,2,4
526,29,2
526,23,1
526,19,3
526,40,2
526,7,4
526,38,4
526,40,2
527,12,3
527,27,3
527,41,1
527,27,1
527,37,1
527,30,1
527,19,1
527,41,5
527,13,3
527,29,3
528,30,3
528,42,5
528,25,2
528,3,2
528,19,5
528,47,1
528,12,2
529,50,2
529,19,1
529,19,2
529,23,1
529,39,1
529,4,4
529,30,1
529,20,1
529,21,4
529,18,4
529,49,2
529,9,4
529,17,4
529,38,1
529,48,3
530,28,2
530,39,4
530,36,5
530,43,3
530,1,1
530,24,5
530,27,3
531,27,5
531,37,3
531,9,5
531,46,5
531,50,1
532,19,5
532,15,3
532,8,1
532,17,5
532,44,3
532,3,1
532,24,2
532,3,1
532,12,2
532,20,1
532,10,4
532,35,1
532,38,5
532,47,4
532,38,1
532,41,5
532,26,4
532,11,4
533,8,3
534,37,4
534,22,4
534,2,3
534,28,4
534,3,3
534,31,2
534,44,1
534,27,5
534,45,2
534,18,1
534,49,1
534,45,5
534,28,4
534,42,5
534,6,3
534,7,5
534,40,1
534,20,1
534,41,1
534,21,3
535,30,1
535,10,3
535,48,2
535,25,3
535,1,5
535,26,5
536,7,4
536,19,2
536,20,5
537,11,5
537,48,3
537,13,3
537,4,4
537,36,1
537,28,3
537,38,3
537,20,4
537,23,5
538,46,1
538,33,4
538,41,3
538,20,3
538,12,4
538,14,4
538,3,4
538,33,3
538,4,4
538,44,2
538,3,2
538,31,5
538,6,4
538,21,4
538,40,1
538,16,4
538,1,1
538,45,1
538,22,2
539,12,4
539,21,2
539,27,1
539,47,4
539,21,1
539,29,1
540,32,5
540,42,1
540,34,2
540,47,1
540,9,5
540,17,4
540,34,1
540,34,1
540,48,2
540,26,1
540,33,4
540,46,1
540,7,3
541,46,4
541,33,5
541,35,5
541,26,2
541,33,3
541,40,3
541,20,3
541,48,2
541,7,3
541,10,4
541,23,2
541,36,5
541,15,1
541,48,4
541,11,1
541,44,1
542,3,1
542,46,4
542,48,1
542,16,2
542,39,4
542,14,2
542,14,2
542,45,1
542,21,1
542,46,3
542,18,2
542,43,2
543,14,3
543,4,1
543,18,3
543,38,5
543,49,4
543,48,3
543,19,4
543,13,2
543,28,4
543,3,2
543,28,1
543,2,4
543,27,3
543,21,1
543,49,5
543,20,2
543,47,4
543,41,3
544,14,3
545,8,5
545,45,2
545,4,2
545,36,5
546,22,1
547,3,2
547,46,1
547,15,2
547,30,5
548,9,4
548,29,2
548,33,2
548,24,4
548,21,5
548,20,5
548,18,1
548,42,3
548,14,2
549,30,1
549,45,2
549,27,2
549,24,3
549,50,3
549,4,1
549,24,1
549,48,5
549,4,3
549,49,2
549,34,5
550,41,5
550,26,5
550,23,1
550,3,2
550,50,4
550,28,2
550,11,5
550,22,2
550,31,4
550,26,4
550,47,4
550,10,2
551,27,1
552,10,2
552,25,5
552,22,4
552,26,1
552,47,1
552,47,5
552,44,3
552,29,3
552,44,3
552,23,1
552,19,4
552,35,4
552,24,3
552,36,1
552,32,4
552,9,4
552,31,2
552,16,3
553,23,3
554,27,2
554,18,3
554,14,5
554,36,4
554,20,4
554,10,4
554,8,1
554,15,2
554,41,1
555,35,2
555,28,4
555,50,1
555,38,5
555,44,5
555,5,2
555,26,2
555,4,3
555,50,5
555,50,4
555,2,5
555,22,3
555,38,5
555,18,5
555,28,3
555,25,5
556,46,3
556,31,5
557,19,2
557,31,5
557,24,5
557,23,5
557,4,5
557,42,1
557,11,4
557,26,4
557,16,4
557,28,4
557,4,1
557,40,5
557,43,3
557,15,5
557,4,1
557,19,2
557,48,4
558,19,3
558,48,1
558,41,1
558,32,5
558,2,1
559,33,3
559,25,1
560,18,1
560,41,5
560,30,4
560,43,2
560,17,2
560,6,1
560,21,2
561,35,1
561,10,4
561,35,5
561,35,1
561,40,2
561,31,4
561,40,5
561,33,1
562,12,2
562,41,1
562,12,3
562,45,2
562,42,2
562,25,1
562,16,2
562,3,1
562,21,4
562,50,3
562,23,3
562,45,4
563,40,4
563,18,5
563,23,4
563,25,3
563,45,3
563,43,5
564,13,1
564,18,1
564,7,3
564,16,2
564,30,5
564,15,2
564,27,4
564,21,2
564,45,2
564,15,2
564,49,3
564,6,4
564,41,4
564,31,4
564,1,1
564,47,4
564,8,1
564,5,1
564,20,3
564,3,4
565,37,1
565,31,3
565,36,4
565,14,5
565,38,4
565,30,4
565,39,2
565,49,3
565,27,3
565,27,3
565,23,4
565,8,1
565,35,1
566,46,1
566,23,2
567,29,4
567,28,3
567,36,5
567,7,1
567,32,2
567,35,3
567,28,5
567,14,3
567,49,2
567,28,5
567,37,1
567,43,3
567,31,2
567,49,3
567,44,1
567,16,4
567,8,1
567,7,1
568,7,4
568,29,4
568,26,5
568,24,5
568,39,5
568,38,1
568,31,5
569,44,5
569,26,2
569,13,1
569,2,5
569,45,4
569,34,5
569,47,2
570,26,2
570,11,4
570,38,1
570,42,2
570,22,3
570,26,1
570,6,3
570,24,1
570,29,1
570,9,1
570,21,5
570,40,4
570,26,3
570,8,5
570,18,5
570,50,2
571,46,3
571,5,1
571,23,3
571,4,1
572,44,3
572,42,3
572,10,4
572,33,4
572,31,2
572,30,4
572,25,1
572,47,3
572,6,3
572,42,2
572,43,5
572,47,4
572,34,5
572,43,5
573,50,4
574,23,4
574,28,2
574,44,2
574,32,3
574,38,1
574,26,4
575,5,1
575,8,1
575,9,2
575,37,5
575,16,4
576,8,4
576,24,5
576,17,1
576,47,3
576,28,1
576,16,4
576,1,4
576,2,3
576,23,2
576,12,3
577,5,3
577,43,4
577,26,2
577,30,1
577,12,2
577,21,5
577,40,5
577,49,3
577,29,5
577,10,1
577,8,1
577,2,5
577,16,2
577,39,5
577,8,3
577,50,5
577,3,4
577,36,2
577,1,5
577,40,2
578,44,4
578,43,2
578,18,3
578,28,5
578,27,3
578,26,5
578,16,1
578,45,3
578,18,1
578,24,1
578,32,3
579,31,2
579,45,1
579,41,1
580,27,5
580,2,1
580,21,2
580,2,4
580,21,2
580,17,5
580,14,5
580,11,4
580,17,2
580,1,4
580,20,2
581,2,4
581,19,2
581,7,4
581,6,4
581,10,4
581,27,2
581,36,2
581,48,4
581,8,1
581,20,3
581,48,4
581,4,5
581,30,5
581,36,5
581,3,2
581,24,3
581,8,4
581,23,1
581,6,2
581,5,1
582,45,5
582,18,4
582,19,1
583,11,5
583,37,5
583,35,3
583,38,3
583,45,2
583,19,5
583,33,3
583,45,1
583,40,1
583,47,3
583,33,2
583,15,1
583,41,3
583,35,4
583,39,4
583,9,5
583,6,2
583,2,1
583,4,1
584,28,3
584,11,2
585,36,2
585,1,4
585,49,2
585,15,3
585,11,1
585,2,1
585,23,5
585,32,3
585,30,3
585,19,2
585,26,4
585,5,3
585,39,5
585,24,3
585,8,5
586,18,1
586,17,1
586,9,5
586,48,4
586,37,4
587,44,4
587,45,4
587,2,5
587,5,1
587,42,5
587,48,4
587,14,3
587,2,4
587,9,3
587,38,1
587,40,2
588,23,1
588,49,2
588,21,3
588,48,5
588,24,2
588,11,1
588,40,2
588,14,4
588,24,2
588,47,4
588,9,1
588,15,1
588,7,1
588,31,3
588,6,1
588,13,3
588,22,2
589,24,3
589,23,3
589,36,2
589,13,4
589,3,1
589,28,2
589,6,1
589,26,5
590,2,2
591,28,2
591,26,5
591,50,5
591,46,3
591,7,4
591,43,2
591,1,2
591,27,1
591,11,3
591,22,4
591,20,1
591,13,5
591,39,4
591,39,5
591,31,4
591,38,2
591,16,4
591,9,2
591,46,3
592,29,3
592,8,4
592,42,1
592,16,5
592,20,5
592,29,1
592,27,5
592,35,5
592,34,2
592,2,1
592,35,3
592,28,1
592,12,1
592,28,2
592,1,3
592,14,5
592,1,5
592,28,5
592,27,2
593,30,4
593,29,5
593,50,5
593,41,3
594,24,5
594,38,1
595,1,3
595,16,4
595,10,4
595,26,3
595,34,4
595,14,2
595,33,4
595,33,4
595,17,3
595,21,2
595,14,4
595,30,2
595,44,2
595,6,3
595,25,2
595,26,5
595,35,2
595,40,3
596,25,1
596,25,3
596,46,1
596,49,1
596,26,5
596,9,4
596,43,3
596,3,5
596,23,5
596,21,4
596,22,2
596,12,2
596,36,2
596,12,4
596,7,1
596,12,4
596,29,1
596,49,2
596,50,5
597,47,3
597,37,4
597,23,1
597,43,1
597,3,3
597,20,2
597,21,1
597,14,2
597,11,2
598,44,2
598,13,1
598,40,3
598,37,3
598,17,1
598,37,3
598,20,2
598,9,1
598,11,4
598,37,5
599,19,1
599,40,2
599,14,1
599,43,4
599,5,3
599,41,1
599,28,5
599,49,3
599,50,1
599,1,1
599,34,1
599,21,3
599,9,1
599,39,3
599,37,5
599,5,3
600,13,1
600,48,5
600,17,5
600,39,2
600,29,3
600,40,4
600,11,1
600,45,3
600,17,4
600,12,2
600,33,4
600,42,2
600,15,1
600,2,5
600,4,5
600,7,5
600,7,3
600,12,4
600,13,4
600,22,3
601,12,3
601,25,3
601,26,3
601,7,3
601,31,4
601,45,4
601,48,1
601,15,5
601,20,5
601,35,3
601,25,2
602,2,3
602,8,1
602,13,2
602,10,5
602,38,3
602,31,3
603,34,4
603,12,1
603,29,3
603,1,1
603,31,1
603,13,4
603,26,4
603,22,4
603,30,4
603,20,4
603,2,5
603,49,2
604,7,1
604,37,5
604,25,4
604,40,2
604,38,1
604,21,2
604,47,2
604,5,4
605,16,2
605,14,5
605,28,2
605,22,5
605,48,4
605,22,4
605,16,5
605,47,2
605,13,2
605,11,4
605,35,4
605,29,1
605,19,5
605,26,5
605,14,3
606,31,1
606,37,1
606,5,3
606,45,4
606,33,1
606,3,4
606,27,2
606,47,1
606,33,2
606,8,2
606,39,5
606,1,4
606,40,3
606,18,2
606,50,4
606,2,2
606,33,4
606,10,4
606,9,4
606,2,1
607,29,1
607,34,1
608,13,5
608,12,1
608,2,2
608,2,4
608,32,2
609,12,2
609,23,4
609,5,5
609,39,5
609,45,4
609,15,2
609,43,3
609,28,2
609,29,4
609,38,2
609,5,2
609,33,3
609,18,4
610,23,3
610,24,4
610,42,3
610,40,2
610,7,4
610,12,2
610,21,4
610,29,1
610,19,5
610,30,3
610,29,5
610,17,4
610,20,2
610,26,4
610,36,2
610,27,2
611,34,1
611,40,4
611,35,1
611,9,4
611,41,2
611,10,1
611,41,4
612,8,2
612,21,5
612,5,2
612,16,2
612,16,1
612,36,4
612,48,2
612,49,1
612,10,5
613,10,2
613,45,3
613,25,1
613,27,1
613,30,4
613,46,1
613,48,1
613,19,4
613,43,5
613,5,5
613,29,4
613,47,5
613,4,2
613,19,3
613,14,3
613,11,2
613,3,5
614,27,1
614,11,4
614,9,4
614,7,3
614,46,5
614,25,3
614,19,2
614,46,4
614,24,3
614,34,3
614,43,5
614,24,1
614,44,1
614,32,1
615,23,3
615,17,1
615,17,3
615,36,2
615,48,5
615,30,1
615,44,1
615,6,3
615,14,5
615,19,2
615,34,2
615,16,3
615,12,5
615,50,3
615,26,3
615,13,2
615,42,1
615,8,1
615,25,4
616,47,5
616,31,1
616,47,3
616,1,2
616,32,1
616,13,2
616,35,3
616,37,1
616,38,5
617,31,5
617,29,3
617,4,2
618,48,5
618,22,2
618,29,4
618,4,4
618,47,3
618,23,3
618,25,1
618,20,2
618,18,2
618,36,2
618,31,1
618,34,3
618,30,2
618,6,2
619,15,2
619,24,3
619,1,1
619,40,5
619,4,3
620,17,2
620,16,5
620,1,4
620,25,1
620,16,5
620,1,3
620,18,2
620,32,2
620,26,5
620,32,4
620,49,4
621,37,5
621,17,4
621,47,2
621,15,2
622,34,3
622,36,5
622,46,1
622,1,2
622,47,2
622,7,3
622,14,4
623,8,1
623,11,2
623,11,5
623,22,5
623,20,3
623,40,4
623,35,5
623,6,5
623,18,4
623,33,4
623,24,2
623,5,2
623,37,2
623,21,4
623,24,3
623,3,3
623,11,5
623,49,1
623,10,2
623,23,4
624,20,5
624,14,2
624,39,1
624,33,1
624,35,4
624,1,1
624,18,5
624,2,4
625,6,2
625,46,1
625,17,2
625,49,2
625,49,1
625,29,1
625,7,3
625,23,1
625,1,1
625,43,2
625,14,3
625,29,1
626,37,4
626,31,2
626,48,3
626,11,1
626,46,5
626,22,4
626,6,4
626,16,3
626,14,3
626,5,4
626,47,2
626,35,5
626,41,3
626,2,2
626,26,1
626,4,4
627,3,2
627,20,3
627,49,3
627,14,2
627,16,1
627,7,1
627,12,5
627,39,1
627,13,1
627,9,3
627,29,2
627,34,4
627,31,4
627,32,5
627,24,2
627,11,2
627,4,4
627,36,3
628,15,3
628,27,2
628,31,5
628,6,2
628,41,1
628,5,5
628,29,4
628,44,2
628,4,5
628,17,3
628,17,3
628,8,4
628,38,5
629,2,4
629,19,3
629,38,3
630,1,5
630,3,2
630,49,1
630,8,2
630,37,4
630,9,3
630,33,2
630,5,5
630,28,5
630,23,1
630,29,3
630,36,3
630,4,4
630,34,5
630,41,5
631,24,3
631,25,3
631,27,3
631,14,4
631,24,3
631,26,4
631,42,2
631,16,1
631,34,5
631,7,5
631,1,2
631,39,3
631,18,4
631,4,1
632,14,4
632,29,1
632,44,1
632,36,3
632,10,5
633,23,3
633,30,5
633,29,4
633,38,2
634,36,5
634,24,2
634,32,1
634,4,3
634,9,5
635,18,3
635,36,5
635,41,2
635,10,3
635,44,2
635,38,1
635,27,4
635,14,1
635,13,3
636,4,4
636,9,1
636,46,4
636,12,3
636,19,1
636,2,1
636,16,4
636,26,3
637,49,5
637,19,1
637,22,2
637,5,4
637,50,4
637,39,1
637,19,4
637,2,5
637,36,4
637,15,2
637,1,1
637,44,3
637,19,5
637,7,4
637,4,3
637,14,4
637,46,3
637,31,3
637,8,4
637,25,1
638,8,5
638,34,1
638,49,2
638,42,5
639,42,1
639,31,5
640,7,1
641,17,1
641,3,5
641,12,3
642,15,2
642,30,4
642,36,3
642,1,2
642,37,4
642,21,1
642,48,3
642,1,3
642,34,2
642,5,4
642,10,5
643,28,4
643,30,5
643,23,2
643,12,1
643,35,3
643,6,5
644,31,1
644,28,4
644,6,4
644,2,4
644,5,1
644,37,4
644,50,1
644,42,2
644,10,3
644,44,2
644,43,3
644,27,5
644,14,1
644,7,2
644,36,1
644,49,2
645,1,5
645,49,5
645,32,2
645,31,4
645,8,5
645,45,1
645,1,2
645,5,4
645,24,2
645,22,2
645,23,2
645,25,1
645,23,3
645,10,2
645,8,4
645,14,5
646,18,5
646,45,5
646,1,1
646,23,5
646,12,4
646,3,1
646,21,3
646,1,3
646,50,3
646,10,5
647,37,3
647,16,5
647,40,3
647,30,2
647,37,1
647,34,1
647,34,4
647,50,1
647,11,1
648,33,5
648,18,4
648,22,2
648,11,1
648,20,1
648,28,2
648,17,5
648,24,1
649,15,2
649,36,3
649,22,1
649,7,3
649,46,3
649,18,2
649,49,4
649,39,3
650,17,4
650,32,5
650,21,5
650,35,3
650,18,4
650,36,2
650,49,1
650,7,5
650,26,5
650,28,3
650,21,1
650,1,2
650,32,3
650,23,1
650,39,2
650,47,2
650,3,4
650,15,1
651,49,2
651,23,1
651,1,4
651,17,4
651,7,1
651,4,1
651,35,2
651,5,5
651,50,3
652,45,4
652,14,1
652,42,1
652,28,2
652,25,3
652,15,4
652,21,1
652,25,3
652,40,1
652,37,5
652,11,5
652,37,4
652,23,2
653,13,5
653,30,3
654,30,2
654,30,2
654,25,3
654,19,5
654,8,1
654,38,3
654,14,3
654,40,3
654,39,2
654,4,2
655,32,5
655,10,5
655,23,3
655,22,1
655,17,2
655,18,2
655,29,3
655,18,1
655,31,4
655,34,3
655,2,5
656,49,4
656,22,1
656,3,2
656,44,2
656,43,4
656,2,4
656,47,3
656,16,1
656,35,1
656,49,3
656,33,4
656,10,3
656,20,3
656,9,1
656,39,1
657,2,3
657,18,3
657,34,2
657,18,1
657,42,4
657,6,1
658,12,2
658,26,3
658,27,4
659,17,4
659,49,3
659,7,1
659,19,4
659,18,4
659,10,2
659,43,1
659,1,5
659,39,3
659,22,2
659,37,1
659,12,4
659,30,4
659,47,3
659,22,4
659,27,2
659,2,4
659,33,5
659,19,4
660,24,4
660,11,3
660,19,5
660,27,5
660,17,5
660,3,1
660,31,1
660,36,4
660,24,1
660,24,2
660,43,4
660,12,2
660,5,1
660,12,4
660,26,2
660,37,2
660,13,1
661,2,1
661,5,3
661,11,5
661,8,5
661,1,1
661,19,5
661,49,5
661,44,2
662,10,1
662,40,5
662,2,1
662,16,2
662,42,2
662,46,4
662,33,5
662,43,4
663,34,5
663,4,1
663,42,4
663,3,1
663,18,2
663,22,3
663,36,4
663,47,1
663,28,5
663,19,1
663,42,2
663,25,2
663,44,2
663,40,2
663,41,5
663,31,1
664,31,4
664,13,5
664,22,2
664,45,2
664,21,3
664,19,4
664,50,1
664,16,1
664,48,2
664,33,1
664,33,1
664,21,3
664,24,2
664,11,5
664,38,5
664,37,1
664,5,1
665,26,1
665,37,1
665,19,1
665,22,2
665,48,3
665,47,3
665,22,3
665,8,4
665,30,3
665,13,2
665,48,3
665,5,5
665,17,1
665,17,1
666,15,4
666,32,5
666,50,1
667,39,3
667,13,4
667,12,2
667,22,1
667,46,2
667,40,3
668,1,4
668,31,2
668,4,5
668,45,1
668,27,3
668,24,1
668,8,2
668,14,3
668,18,3
668,4,2
668,14,1
668,50,2
668,43,3
668,32,5
669,14,2
669,36,1
669,46,2
669,39,5
670,23,1
670,10,5
670,16,5
670,12,3
670,34,5
670,11,2
670,34,3
670,2,4
670,41,1
670,42,2
670,40,5
670,25,1
670,30,3
670,36,4
670,48,5
670,26,3
670,8,4
670,41,2
671,42,1
671,32,1
671,18,2
671,34,2
671,32,4
671,30,1
671,8,2
672,6,3
672,33,2
672,7,2
672,21,4
672,46,2
672,30,1
672,5,4
673,8,5
673,40,4
673,14,5
673,19,3
673,44,4
673,27,5
673,18,3
673,8,3
673,12,5
673,42,3
673,9,4
673,8,1
673,39,2
674,4,4
674,48,4
674,45,1
674,4,1
674,49,1
674,33,2
675,11,4
675,27,3
675,4,5
675,49,3
675,31,1
675,37,3
675,17,1
676,39,1
676,35,3
676,22,1
676,5,5
676,3,3
676,20,3
676,6,5
676,3,1
676,9,4
676,26,5
676,38,5
676,36,1
677,6,5
678,5,2
678,47,4
678,45,1
678,41,3
678,49,2
678,33,5
678,44,1
679,42,1
679,48,4
679,47,2
679,20,2
679,17,4
679,41,4
679,45,3
680,20,1
680,42,4
680,35,3
680,26,4
680,29,4
680,44,4
680,23,3
681,14,3
681,49,4
681,10,3
681,27,4
681,50,5
681,19,5
681,8,1
681,10,4
682,30,3
682,18,4
682,14,5
682,18,2
682,44,5
682,46,3
682,24,4
682,33,2
682,4,1
682,40,2
682,12,5
682,5,3
682,37,4
682,18,5
682,27,2
682,35,1
682,44,1
682,2,1
682,17,2
682,14,5
683,37,4
683,49,1
683,24,5
683,1,5
683,10,1
683,29,2
683,14,1
683,35,3
683,10,2
683,14,1
683,41,5
683,48,5
683,38,1
683,8,3
683,1,5
683,17,3
683,33,1
683,25,5
683,16,3
683,21,4
684,50,4
684,43,1
684,39,3
684,11,5
684,6,2
684,21,4
684,27,2
684,40,3
684,30,4
684,28,3
684,4,1
684,24,4
684,11,2
685,46,1
685,39,3
685,7,1
685,14,4
685,47,1
686,10,2
687,28,5
687,38,4
687,32,2
687,45,3
687,17,3
687,49,2
687,21,4
687,6,4
687,17,2
687,3,3
687,45,3
687,19,5
687,11,4
687,37,2
687,39,4
687,46,2
687,33,1
687,10,2
687,31,2
688,44,5
688,34,1
688,41,2
688,6,4
688,47,2
688,29,1
688,28,3
688,44,4
688,14,4
688,35,3
688,10,4
688,12,2
688,23,3
688,36,1
688,31,3
688,7,2
689,35,5
689,20,2
690,39,3
690,24,2
690,41,1
691,29,2
691,40,3
691,46,2
691,3,1
691,27,4
691,9,5
691,47,3
691,20,3
691,33,5
691,20,4
691,47,4
692,42,3
692,4,2
692,10,5
692,10,3
692,16,3
692,8,3
693,49,5
693,13,5
693,48,4
693,7,1
693,7,1
693,50,3
693,1,2
693,38,1
693,12,4
693,8,4
693,35,4
693,50,3
693,4,1
693,30,1
694,37,3
694,45,1
694,3,4
694,27,2
694,18,2
694,17,3
694,11,4
694,44,2
694,19,2
694,34,5
694,27,4
694,22,5
694,9,1
695,9,2
695,3,1
695,18,1
695,1,1
696,50,5
696,48,5
696,19,5
696,43,3
696,37,2
696,23,3
697,19,3
697,8,2
697,42,1
697,29,4
697,49,4
697,14,5
697,29,2
697,42,5
697,7,5
697,25,3
697,11,5
698,18,5
698,46,3
698,34,5
698,3,4
698,3,4
698,36,2
698,12,5
698,22,1
698,9,3
699,14,3
699,11,2
700,4,4
700,27,3
700,31,1
700,15,5
700,50,2
700,24,3
700,38,2
700,47,3
700,3,4
700,3,5
700,29,2
700,37,2
700,22,4
700,40,5
700,18,1
700,43,2
700,45,2
700,38,3
700,27,5
701,9,2
701,50,3
701,37,2
701,27,2
701,16,4
701,26,3
701,21,3
702,5,1
702,31,4
702,4,3
702,33,3
702,25,2
702,39,2
702,47,2
702,21,1
702,42,1
702,24,4
702,26,5
702,47,1
703,34,3
703,30,3
704,10,3
704,3,5
704,33,1
704,13,5
704,7,2
704,39,4
704,35,1
704,49,5
704,50,4
704,8,3
704,17,5
704,11,1
704,23,2
705,7,5
705,50,3
705,42,4
705,10,4
705,19,1
705,19,3
705,14,1
705,47,2
705,19,4
705,6,5
705,30,1
705,20,5
705,17,5
705,31,2
705,46,1
705,29,2
705,38,2
706,25,1
706,27,3
706,44,2
706,3,2
706,20,2
706,35,4
706,48,4
706,31,1
706,10,1
706,16,1
706,39,2
706,24,1
706,47,2
706,31,3
706,33,2
706,49,2
706,5,3
706,12,4
706,22,2
707,25,3
707,26,4
707,22,2
707,37,4
707,15,1
707,32,2
707,10,4
707,17,5
707,6,3
708,7,2
708,34,1
708,22,1
708,12,5
708,7,2
708,38,1
708,18,1
708,14,1
708,11,4
708,21,2
708,40,1
708,1,1
708,39,5
708,27,1
708,5,5
708,35,2
708,43,1
709,40,2
709,35,5
709,28,1
709,31,3
709,14,2
709,6,3
709,21,4
709,10,4
709,42,4
709,2,3
709,32,5
709,5,1
709,8,2
709,21,3
709,16,5
709,30,4
709,19,1
710,9,5
710,16,2
710,44,5
710,28,2
710,39,5
710,11,4
710,16,5
710,35,3
710,1,2
711,6,4
711,46,4
711,16,2
711,18,4
711,20,2
711,17,5
711,41,3
712,38,1
712,16,3
712,36,3
712,29,2
712,2,4
712,33,2
712,16,1
712,35,2
712,10,2
712,1,5
712,42,1
712,37,2
712,26,2
713,19,5
713,50,2
713,20,2
713,32,5
713,8,4
713,11,3
713,37,4
713,31,3
713,32,3
713,4,5
713,38,2
714,24,5
714,23,2
714,22,1
714,32,5
714,30,3
714,37,4
714,49,4
714,15,4
714,25,1
714,3,3
714,18,1
714,13,5
714,1,2
714,37,1
714,39,2
714,37,3
714,21,4
714,31,4
714,6,1
714,22,2
715,17,5
715,24,2
715,8,3
715,20,2
715,16,4
715,18,1
715,35,2
715,30,1
715,18,2
715,36,2
715,43,3
715,38,5
715,42,1
715,20,1
715,26,3
715,48,4
715,29,5
715,18,2
716,48,1
716,18,5
716,44,4
716,26,3
716,11,5
716,46,3
716,24,4
716,27,5
716,2,5
716,30,5
716,35,2
716,19,3
716,48,1
716,39,5
716,12,1
716,48,4
717,24,2
717,31,1
717,45,3
717,28,4
717,46,3
717,32,4
717,11,3
717,46,3
717,20,2
717,23,1
717,38,5
717,34,4
718,20,3
718,37,4
718,42,2
718,34,5
718,29,5
718,39,5
718,3,3
718,38,1
718,46,4
718,25,5
718,37,2
718,48,1
718,36,4
719,10,1
719,36,3
719,17,1
719,40,5
719,16,1
719,34,4
719,42,5
719,41,3
719,38,2
720,10,3
720,33,2
720,49,5
720,5,4
720,28,5
720,28,1
720,20,5
720,49,1
720,22,2
720,50,2
720,22,1
720,28,2
720,7,4
721,17,2
721,7,1
721,50,3
721,18,3
721,12,5
721,28,2
721,13,1
721,7,1
722,35,2
722,34,3
722,44,3
723,46,3
723,2,1
723,6,4
723,22,4
723,31,4
723,41,2
723,3,1
723,50,5
723,28,1
723,36,5
723,11,4
723,46,1
724,39,3
724,4,4
724,2,1
724,43,2
724,26,5
724,48,1
724,44,5
724,42,2
724,3,3
724,24,5
724,2,4
724,49,3
724,21,1
724,18,1
725,44,1
725,36,2
725,5,1
725,40,5
725,16,2
725,20,5
725,19,1
725,17,4
725,11,2
725,7,4
725,16,1
725,16,5
725,5,1
725,40,1
725,4,4
725,2,4
725,30,5
725,10,2
725,24,2
726,10,3
726,41,3
726,16,3
726,43,5
726,11,2
726,25,4
726,20,5
726,33,1
726,36,5
726,31,1
726,23,2
727,19,3
727,48,5
727,39,3
728,49,2
728,7,4
728,8,4
728,6,3
728,17,1
728,3,2
728,46,2
728,46,3
728,15,4
728,26,2
729,38,2
729,47,1
729,7,2
729,30,5
729,7,2
729,16,5
729,3,3
729,3,4
729,33,5
729,22,2
729,41,4
729,29,3
729,11,4
729,12,4
729,7,5
729,31,1
730,38,4
730,41,4
730,22,5
730,7,3
730,7,2
730,10,4
730,33,5
730,41,3
730,2,5
730,3,4
730,1,5
730,31,5
730,2,1
730,18,1
730,28,3
730,31,2
730,17,3
730,43,5
730,41,2
730,33,4
731,16,4
731,29,1
731,27,2
732,45,1
732,50,1
732,48,3
732,30,1
732,6,4
732,10,4
732,45,5
732,32,5
732,6,1
732,18,5
732,5,3
732,41,4
732,41,3
732,25,5
732,32,5
732,8,5
732,6,1
732,2,5
732,15,3
732,21,4
733,21,4
733,46,2
733,3,4
733,46,1
733,25,2
733,32,4
733,15,3
733,14,3
733,3,2
733,44,5
733,47,1
734,49,5
734,32,3
735,15,1
735,22,4
736,20,2
736,15,2
736,19,4
737,34,4
737,10,5
737,2,1
737,36,2
737,21,1
737,3,5
737,48,4
737,36,5
737,26,3
737,40,4
737,36,4
737,28,3
738,47,4
738,10,2
738,16,3
738,15,5
738,10,1
738,37,2
738,48,4
739,47,3
739,27,5
739,10,5
739,30,2
739,37,3
739,12,2
739,24,3
739,8,1
739,13,4
739,49,2
739,41,4
739,50,4
739,30,5
739,18,3
739,15,1
739,48,3
740,31,4
740,12,1
740,40,2
740,39,5
740,4,1
740,20,2
740,8,4
740,35,1
741,25,4
741,18,5
741,5,3
741,50,1
741,34,4
741,14,3
741,14,4
741,48,4
741,15,2
741,20,2
741,42,5
741,46,5
742,48,2
742,32,3
742,27,3
742,15,2
742,24,1
742,14,3
742,33,3
742,13,3
743,31,5
743,8,4
744,37,4
744,48,2
744,3,2
744,49,1
744,12,4
745,48,2
745,10,4
745,45,2
745,18,1
745,20,5
745,41,3
746,38,4
746,34,2
746,21,5
746,31,1
746,12,2
746,26,5
746,34,2
746,48,5
746,46,5
746,14,3
746,5,1
746,19,4
746,9,3
747,3,3
747,20,3
747,50,3
747,41,3
747,35,5
747,22,1
747,38,4
747,12,2
748,45,2
749,33,2
749,5,3
749,39,5
749,3,5
749,6,2
749,20,1
749,49,4
749,19,1
749,50,3
749,46,1
749,17,4
750,2,2
750,29,4
750,16,4
750,44,4
750,27,4
750,35,1
751,49,5
751,5,2
751,44,4
751,13,2
751,30,1
751,19,5
751,23,5
751,29,5
751,39,4
751,31,4
751,42,1
751,39,2
751,35,1
751,36,4
751,49,1
751,32,5
751,30,4
751,45,1
751,34,1
752,34,1
752,8,4
752,11,5
752,44,1
752,10,4
753,24,5
753,41,5
753,13,3
753,34,5
754,32,4
754,39,2
754,22,3
754,49,3
754,32,1
755,30,2
755,38,2
755,31,1
755,27,5
755,5,4
755,7,1
756,50,1
756,14,4
757,32,2
757,43,1
757,38,3
757,13,3
757,5,1
757,21,4
757,8,1
758,7,3
758,42,5
758,43,5
759,48,4
759,4,1
759,35,1
759,25,5
759,13,1
759,39,2
759,47,3
760,12,2
760,1,1
760,30,4
760,28,2
760,50,1
760,20,1
760,13,1
760,36,3
760,43,4
760,24,5
760,19,3
760,4,2
760,15,4
760,37,5
760,40,5
760,8,3
760,16,4
760,14,4
760,25,5
760,7,1
761,16,1
761,35,3
761,44,3
761,7,5
761,25,4
761,42,5
761,8,1
761,31,3
761,12,4
761,29,5
761,7,3
761,31,1
762,16,2
762,46,3
763,46,2
763,19,3
763,13,4
763,37,2
763,48,4
763,35,4
763,9,2
763,43,2
763,4,2
764,21,1
764,10,3
764,41,4
764,43,4
764,32,2
764,7,3
764,23,1
764,10,1
764,10,4
765,21,5
766,2,3
766,48,5
766,35,3
766,16,2
766,26,4
766,4,5
766,50,4
766,10,5
766,20,3
766,41,3
766,49,3
766,6,1
766,37,4
766,12,5
766,45,5
766,30,3
766,4,5
766,45,1
766,4,2
767,9,5
767,17,5
767,20,1
767,14,3
767,28,4
768,2,5
768,34,5
768,23,2
768,20,5
768,22,2
768,22,2
768,35,1
769,8,5
769,24,2
769,8,2
769,30,4
769,12,5
769,20,2
769,11,4
769,43,2
769,29,4
769,34,1
769,2,3
769,25,3
769,31,2
769,19,3
769,47,2
769,13,1
769,48,3
769,40,5
770,21,4
770,42,4
770,34,3
770,20,2
770,5,4
770,30,1
771,39,2
771,22,3
771,48,1
771,14,5
771,43,3
771,7,2
771,30,3
771,41,1
771,25,4
771,18,4
771,10,3
771,21,5
771,40,2
771,8,1
771,41,4
771,1,5
771,3,1
771,50,5
771,8,4
772,49,3
772,23,4
772,33,4
773,29,5
773,9,4
773,15,5
773,31,1
773,2,2
773,9,4
773,16,5
773,30,2
773,1,5
773,40,2
773,30,4
773,8,1
774,9,4
774,34,3
774,35,2
774,37,4
774,3,4
774,27,3
774,34,3
774,26,5
774,29,1
774,49,5
774,33,5
774,5,4
774,20,5
774,31,4
774,35,1
774,36,3
774,39,5
774,9,5
775,41,5
775,6,4
775,18,4
775,8,4
775,44,3
775,27,1
775,12,4
775,1,1
775,40,2
775,7,3
775,37,5
775,8,1
775,12,5
775,35,4
775,26,3
775,16,1
775,45,4
776,48,3
776,41,3
776,25,5
776,44,1
776,37,5
776,10,2
776,10,5
776,31,3
776,44,4
776,31,1
776,37,3
777,11,3
777,32,4
777,11,4
777,35,1
777,10,5
777,21,5
777,20,5
777,27,4
777,16,1
778,26,5
778,7,1
778,7,2
778,22,3
778,23,5
778,33,5
778,48,2
778,13,4
779,7,5
779,30,4
779,40,5
779,37,4
779,48,1
779,45,3
779,17,2
779,42,1
779,44,2
780,48,2
780,33,4
780,15,5
780,41,3
780,4,1
780,49,2
780,26,2
780,16,5
780,37,5
781,30,3
781,9,4
781,46,1
781,3,1
781,12,5
781,10,4
781,39,1
781,38,4
781,15,2
781,20,5
781,41,5
781,45,4
782,31,1
782,15,1
782,30,4
782,18,1
782,19,4
782,46,2
782,28,4
782,35,5
782,41,3
782,23,1
782,48,2
782,11,5
782,23,5
782,21,5
782,21,5
782,8,1
783,13,4
783,23,2
783,29,2
783,29,4
783,47,3
783,41,4
783,14,3
783,50,3
783,28,1
783,11,4
783,21,1
783,13,1
783,47,5
783,19,5
783,13,3
783,36,4
783,23,3
783,48,2
783,4,5
784,13,1
784,14,5
784,12,4
784,42,4
784,28,4
784,33,1
784,3,5
784,26,5
784,47,4
784,44,3
784,31,2
784,1,3
784,40,1
784,34,2
784,32,4
784,41,3
785,10,4
785,33,1
785,21,3
785,24,2
785,48,4
785,28,3
785,44,5
785,39,4
785,17,5
785,49,5
786,35,5
786,23,3
786,7,1
786,12,3
786,42,1
786,33,2
786,22,4
786,39,4
786,23,4
786,9,4
786,4,5
786,37,3
786,12,1
786,49,5
786,31,3
786,8,1
786,16,3
787,38,2
787,36,2
787,40,3
788,36,3
789,12,2
789,12,1
789,47,3
789,50,3
789,21,3
790,27,5
790,16,2
790,47,4
790,18,3
790,4,1
790,17,3
790,7,4
790,36,5
790,4,5
790,3,5
791,49,2
791,38,3
791,23,4
791,15,2
791,50,2
791,50,3
791,28,1
791,14,4
791,34,5
791,45,2
791,32,3
791,47,5
791,45,3
791,6,5
791,22,5
791,50,5
791,7,5
791,16,3
791,39,4
792,18,5
792,6,4
792,35,5
792,32,2
792,27,4
792,50,1
792,5,5
792,41,5
792,33,1
792,25,4
792,21,4
792,12,5
792,8,2
792,45,2
792,42,1
792,1,5
792,39,3
792,8,1
792,8,5
793,10,3
793,18,3
793,20,2
793,23,2
793,6,4
793,39,4
793,35,2
793,7,4
793,49,4
793,16,4
793,3,4
794,27,5
794,39,3
794,32,3
794,7,1
794,49,2
794,7,3
794,41,4
794,7,4
794,13,1
794,34,5
794,18,2
794,33,4
794,24,3
794,16,5
794,16,2
795,48,5
795,36,3
795,21,5
795,10,2
795,22,3
795,18,4
795,38,2
795,43,5
795,26,1
795,50,2
795,13,5
796,17,1
796,8,5
796,13,2
796,47,2
796,5,3
796,23,2
796,13,3
797,15,3
797,45,2
797,13,1
797,23,2
798,16,5
798,21,2
798,7,4
798,20,2
798,3,5
798,6,1
798,48,3
798,18,2
799,41,5
799,8,1
799,17,2
799,33,2
799,21,5
799,1,3
799,36,4
799,24,3
800,50,2
800,33,4
800,10,5
800,13,5
800,10,4
800,12,5
800,48,5
800,39,1
800,33,5
800,19,2
800,27,4
800,39,2
800,19,5
801,20,1
801,1,4
801,4,2
801,3,2
801,21,4
801,32,1
801,40,1
801,46,1
801,33,3
801,34,5
801,39,1
801,3,5
801,20,5
801,36,1
801,28,4
801,17,5
801,38,2
801,8,4
802,10,3
802,31,3
802,45,2
802,11,1
802,20,1
802,13,4
802,45,1
802,8,5
802,31,1
802,38,5
803,48,2
803,29,4
803,5,4
803,38,2
804,28,4
804,25,5
804,12,4
804,32,3
804,46,3
804,17,5
804,42,1
804,1,3
804,11,1
804,43,4
804,2,2
804,6,2
804,45,1
804,4,5
804,12,3
805,26,4
805,22,5
805,4,3
805,2,1
805,27,4
805,16,5
805,42,1
805,10,2
805,37,2
805,12,3
806,5,2
806,10,4
806,9,5
806,35,1
806,16,3
806,17,5
806,40,3
806,21,2
806,27,1
807,38,3
807,29,2
807,47,2
807,39,3
807,2,5
807,50,4
807,18,5
807,5,4
807,16,4
807,23,5
807,19,1
807,12,5
807,40,5
807,35,5
807,42,4
807,28,5
807,49,3
807,3,3
808,19,2
808,41,1
808,41,1
808,38,4
808,5,4
808,42,2
808,15,3
808,49,3
808,44,3
808,2,3
808,40,3
808,42,3
808,13,4
808,16,1
808,1,1
808,22,3
808,15,5
808,48,5
809,2,5
809,49,1
809,30,1
809,29,5
809,22,5
809,30,1
809,17,5
809,2,3
809,36,5
809,14,1
809,38,2
809,8,5
809,43,3
809,15,2
809,8,1
810,24,1
810,36,1
810,44,5
810,42,1
810,36,4
810,17,2
810,47,1
810,13,4
810,31,1
810,10,1
810,8,5
810,19,5
810,38,3
810,38,2
810,8,3
810,39,4
810,10,4
811,21,5
811,23,2
811,23,1
811,31,2
811,20,1
811,4,4
811,13,1
811,36,5
811,36,3
811,32,4
811,9,3
811,40,4
811,27,3
811,47,3
812,20,2
812,7,5
812,6,4
812,45,2
812,46,2
812,16,4
812,19,2
812,31,4
812,8,5
812,24,5
812,26,1
812,38,1
812,29,3
812,10,1
812,16,1
812,40,1
812,15,4
812,9,5
813,17,1
813,9,5
813,28,4
813,33,4
814,17,5
814,6,2
814,4,3
814,40,2
814,40,5
814,9,2
814,32,2
814,19,1
814,15,1
814,31,1
814,6,3
814,10,5
815,24,4
815,38,2
815,10,3
815,22,1
815,6,2
815,2,3
815,39,5
815,9,3
815,9,3
815,39,2
815,42,1
815,26,1
815,11,3
815,4,1
815,44,5
815,27,1
815,27,4
816,37,4
816,44,1
816,13,5
816,39,3
817,26,4
817,5,3
817,43,5
817,23,2
817,22,3
817,17,1
818,20,4
818,15,3
818,14,3
818,17,3
818,29,1
818,1,3
818,27,4
818,43,1
819,44,3
819,15,2
819,45,5
819,5,5
819,27,1
819,28,4
819,18,4
819,5,4
819,22,4
819,15,2
819,17,3
819,40,3
819,28,1
819,41,2
819,26,3
819,31,5
820,6,5
820,46,2
820,19,3
820,21,3
820,45,4
820,44,4
820,21,3
820,38,5
820,5,4
821,9,5
821,45,1
821,14,1
821,1,5
821,32,2
821,10,4
821,39,5
821,38,2
821,3,3
821,50,3
821,18,5
822,2,4
822,38,2
822,21,4
822,50,2
822,32,4
822,42,5
822,11,2
822,8,4
822,28,3
822,38,5
822,30,2
822,20,2
822,50,1
822,47,5
822,6,2
822,16,5
822,29,5
822,12,3
822,24,3
823,38,2
823,21,4
823,8,2
823,37,4
823,49,2
823,3,1
823,20,5
823,1,2
823,2,5
823,46,4
824,21,1
824,41,4
824,25,3
825,19,3
825,7,5
825,46,1
826,46,3
826,8,5
826,34,4
826,40,4
826,16,4
826,1,3
826,29,2
826,1,1
826,42,2
826,28,4
826,45,5
826,44,5
826,43,3
827,1,1
827,49,5
827,7,2
827,19,1
827,32,2
827,45,5
827,10,2
827,3,5
827,43,1
827,18,5
827,28,2
827,39,3
827,13,5
827,49,3
827,31,5
827,20,5
828,45,1
828,35,1
828,8,4
828,16,3
828,28,4
828,8,5
828,48,1
828,29,4
828,22,5
828,29,5
828,35,4
828,4,1
828,31,1
828,39,1
828,6,5
828,43,4
829,45,4
829,32,3
829,16,4
829,40,5
829,47,3
829,11,2
829,5,2
829,41,4
829,43,3
829,38,1
830,40,4
830,39,3
830,23,3
830,28,3
830,37,2
830,19,5
830,10,4
830,24,1
830,41,4
830,47,2
830,35,5
830,35,4
830,16,4
830,29,1
830,44,5
830,27,5
830,35,3
831,44,4
831,2,3
831,2,4
831,26,2
831,32,3
832,36,1
832,9,2
832,23,4
832,4,3
832,9,1
832,19,1
832,43,2
832,45,2
832,7,2
832,11,1
832,41,5
833,15,4
833,16,5
833,13,3
833,46,5
833,25,1
833,14,3
833,9,4
833,8,1
833,29,3
833,12,3
833,4,4
833,40,4
834,37,3
834,28,1
834,1,3
834,43,1
834,40,4
834,28,1
834,6,4
834,50,3
834,3,5
834,42,1
834,10,4
835,23,4
835,43,2
835,44,4
835,50,4
835,36,4
835,1,5
835,45,5
835,5,5
835,14,5
835,12,2
835,18,5
835,39,3
835,10,5
835,43,4
835,14,3
835,38,4
836,42,5
836,45,5
836,26,1
836,17,3
836,4,2
836,28,5
836,27,1
836,45,5
836,10,4
836,28,2
836,29,2
836,25,3
836,12,3
836,43,5
836,45,1
836,29,4
836,10,3
837,28,3
837,30,5
837,26,3
837,33,1
837,45,5
837,48,3
837,35,5
837,41,4
837,48,5
838,28,2
838,15,4
838,46,1
838,48,1
838,15,1
838,5,1
838,6,1
838,50,5
839,42,3
839,49,5
839,22,5
839,43,1
839,5,2
839,24,4
839,32,3
839,46,3
839,36,3
839,3,4
839,49,4
839,20,3
839,1,3
839,45,2
839,46,4
840,9,1
840,21,2
840,3,1
840,50,5
840,44,5
840,12,3
840,18,4
840,14,1
841,28,4
841,50,3
841,38,1
841,23,4
841,19,3
841,36,3
841,34,4
841,22,4
841,28,1
841,18,2
841,43,5
841,4,3
841,19,5
841,18,3
841,17,3
841,47,2
841,5,4
841,44,4
841,19,5
841,34,3
842,41,3
842,4,1
842,31,3
842,9,2
842,34,3
842,31,5
842,10,4
842,37,2
842,7,3
842,1,1
842,9,5
842,22,4
842,16,5
842,47,2
842,38,3
842,34,3
842,18,1
842,11,2
842,47,4
843,23,2
843,12,5
843,34,2
843,5,1
843,40,3
843,7,3
843,37,1
843,42,2
843,13,1
843,27,1
844,29,3
844,18,1
844,24,1
844,37,4
844,17,1
844,5,2
844,29,2
844,11,3
844,31,3
845,25,2
845,8,5
845,14,1
845,23,1
845,1,5
845,31,2
845,48,2
845,40,5
845,31,4
846,47,1
846,17,3
847,4,2
847,45,2
847,47,5
847,3,2
847,33,1
847,16,5
847,40,4
847,38,3
848,37,3
848,13,2
848,43,1
848,23,5
848,8,3
848,6,4
848,19,5
848,24,1
848,26,2
848,13,2
849,42,3
849,7,3
849,30,5
849,28,3
849,4,1
849,10,1
849,38,5
849,26,1
849,21,4
849,17,3
849,36,4
849,8,5
849,44,3
849,15,4
849,30,4
849,37,2
849,33,4
849,2,4
849,22,2
849,35,3
850,39,1
850,26,2
850,14,4
850,5,5
850,48,2
850,4,4
850,47,4
851,28,1
851,37,1
851,14,5
851,46,4
851,36,2
851,42,5
851,1,4
851,36,4
851,17,5
851,7,3
851,48,4
851,32,5
851,5,2
851,48,3
851,11,1
851,24,1
851,37,4
851,48,1
851,45,2
852,9,2
852,27,5
852,39,1
852,1,3
852,28,5
852,23,1
852,46,4
852,14,4
852,10,2
852,11,3
852,38,2
852,4,5
852,4,4
853,43,1
853,37,3
853,27,4
853,37,5
853,31,5
853,21,4
853,27,5
853,49,1
853,29,4
853,43,5
853,17,2
854,42,1
854,4,4
854,4,4
854,5,4
854,24,2
854,5,2
854,30,3
854,1,4
854,12,5
854,12,3
854,31,5
854,12,4
854,47,1
855,44,3
855,14,1
855,32,4
855,28,5
855,41,4
855,30,4
855,28,5
855,31,5
855,20,3
855,10,1
855,26,3
855,21,3
856,23,2
856,10,2
856,38,4
856,4,2
856,36,4
856,18,1
856,19,2
856,45,3
856,49,2
856,16,2
856,11,4
856,13,5
856,45,2
856,18,2
856,17,2
856,10,3
856,15,1
856,23,5
856,42,1
857,40,2
857,17,4
857,44,2
857,4,5
857,46,3
857,34,2
857,43,4
857,30,2
857,10,4
857,49,3
857,11,2
857,32,5
857,41,4
857,32,2
857,4,3
857,39,3
857,24,2
857,49,1
857,47,1
858,23,3
858,43,5
858,15,5
858,7,3
858,43,2
858,49,3
858,22,1
858,5,4
858,33,1
858,6,4
858,13,5
858,46,2
858,50,1
858,21,5
858,41,2
